model,fraction,seed,epoch,train_loss,train_acc,val_loss,val_acc,test_acc
cnn,0.01,1,1,2.241034,0.2,2.27637,0.174,
cnn,0.01,1,2,1.913056,0.342222,2.233167,0.169,
cnn,0.01,1,3,1.774953,0.404444,2.192683,0.1646,
cnn,0.01,1,4,1.655301,0.426667,2.171051,0.1804,
cnn,0.01,1,5,1.577154,0.477778,2.143989,0.184,
cnn,0.01,1,6,1.465969,0.544444,2.063815,0.1972,
cnn,0.01,1,7,1.389448,0.577778,1.987525,0.2226,
cnn,0.01,1,8,1.330928,0.6,1.874665,0.2932,
cnn,0.01,1,9,1.225068,0.642222,1.860843,0.304,
cnn,0.01,1,10,1.130919,0.697778,1.868659,0.3252,
cnn,0.01,1,11,1.046952,0.74,1.808011,0.3394,
cnn,0.01,1,12,0.953506,0.775556,1.800023,0.3462,
cnn,0.01,1,13,0.881362,0.811111,1.804831,0.3346,
cnn,0.01,1,14,0.792766,0.844444,1.813711,0.3424,
cnn,0.01,1,15,0.702526,0.895556,1.772617,0.3584,
cnn,0.01,1,16,0.63792,0.917778,1.778894,0.3516,
cnn,0.01,1,17,0.551367,0.942222,1.784946,0.3562,
cnn,0.01,1,18,0.513838,0.933333,1.826568,0.3766,
cnn,0.01,1,19,0.459345,0.966667,1.727206,0.3846,
cnn,0.01,1,20,0.405511,0.971111,1.748982,0.381,
cnn,0.01,1,21,0.354842,0.982222,1.705525,0.3974,
cnn,0.01,1,22,0.316964,0.98,1.773623,0.3768,
cnn,0.01,1,23,0.279872,0.984444,1.746689,0.3872,
cnn,0.01,1,24,0.237895,0.993333,1.753108,0.3798,
cnn,0.01,1,25,0.212093,0.997778,1.743805,0.3828,
cnn,0.01,1,26,0.196424,0.997778,1.732624,0.3856,
cnn,0.01,1,27,0.191498,0.993333,1.759616,0.3804,
cnn,0.01,1,28,0.146881,1.0,1.756438,0.3956,
cnn,0.01,1,29,0.141365,1.0,1.74462,0.3948,
cnn,0.01,1,30,0.13371,1.0,1.739809,0.3892,
cnn,0.01,1,31,0.118846,1.0,1.739089,0.3878,
cnn,0.01,1,32,0.106254,1.0,1.740281,0.3944,
cnn,0.01,1,33,0.102434,1.0,1.741397,0.4046,
cnn,0.01,1,34,0.09693,1.0,1.723169,0.398,
cnn,0.01,1,35,0.090733,1.0,1.747103,0.391,
cnn,0.01,1,36,0.085291,1.0,1.743109,0.3956,
cnn,0.01,1,37,0.082529,1.0,1.744078,0.4012,
cnn,0.01,1,38,0.079705,1.0,1.738342,0.4,
cnn,0.01,1,39,0.083984,1.0,1.7271,0.398,
cnn,0.01,1,40,0.079292,1.0,1.734219,0.3972,
cnn,0.01,1,41,0.075363,1.0,1.734755,0.3954,
cnn,0.01,1,42,0.077618,1.0,1.732838,0.397,
cnn,0.01,1,43,0.076688,1.0,1.730931,0.401,
cnn,0.01,1,44,0.076021,1.0,1.731869,0.3978,
cnn,0.01,1,45,0.072482,1.0,1.730966,0.3968,
cnn,0.01,1,46,0.08238,1.0,1.732812,0.4002,
cnn,0.01,1,47,0.076963,1.0,1.732132,0.4006,
cnn,0.01,1,48,0.070082,1.0,1.732346,0.4018,
cnn,0.01,1,49,0.07748,1.0,1.73277,0.4004,
cnn,0.01,1,50,0.07211,1.0,1.734191,0.399,
cnn,0.01,1,FINAL,,,,0.4046,0.4016
cnn,0.01,2,1,2.224191,0.18,2.277888,0.1582,
cnn,0.01,2,2,1.925289,0.331111,2.238098,0.153,
cnn,0.01,2,3,1.78886,0.362222,2.20639,0.1722,
cnn,0.01,2,4,1.67768,0.411111,2.185154,0.1888,
cnn,0.01,2,5,1.582409,0.475556,2.099816,0.2204,
cnn,0.01,2,6,1.496334,0.495556,2.070957,0.222,
cnn,0.01,2,7,1.41643,0.548889,1.881476,0.2862,
cnn,0.01,2,8,1.320207,0.604444,1.921204,0.2806,
cnn,0.01,2,9,1.243662,0.66,1.817765,0.3314,
cnn,0.01,2,10,1.179455,0.66,1.874014,0.302,
cnn,0.01,2,11,1.064207,0.722222,1.789929,0.3342,
cnn,0.01,2,12,0.968867,0.795556,1.844549,0.3048,
cnn,0.01,2,13,0.881757,0.831111,1.726317,0.3756,
cnn,0.01,2,14,0.805221,0.86,1.71113,0.3814,
cnn,0.01,2,15,0.719224,0.875556,1.744094,0.3624,
cnn,0.01,2,16,0.636842,0.933333,1.848192,0.3374,
cnn,0.01,2,17,0.545326,0.966667,1.72478,0.3766,
cnn,0.01,2,18,0.473278,0.96,1.813204,0.33,
cnn,0.01,2,19,0.422356,0.971111,1.782147,0.3596,
cnn,0.01,2,20,0.356818,0.982222,1.691983,0.3922,
cnn,0.01,2,21,0.319961,0.988889,1.704468,0.3886,
cnn,0.01,2,22,0.279923,0.993333,1.726285,0.3814,
cnn,0.01,2,23,0.232726,1.0,1.804182,0.3708,
cnn,0.01,2,24,0.208707,0.997778,1.691167,0.4,
cnn,0.01,2,25,0.184035,0.997778,1.726312,0.3938,
cnn,0.01,2,26,0.166243,1.0,1.719526,0.3944,
cnn,0.01,2,27,0.152662,1.0,1.716927,0.3994,
cnn,0.01,2,28,0.132674,1.0,1.707968,0.4062,
cnn,0.01,2,29,0.124866,1.0,1.693882,0.4014,
cnn,0.01,2,30,0.108675,1.0,1.717688,0.3892,
cnn,0.01,2,31,0.101043,1.0,1.701757,0.3984,
cnn,0.01,2,32,0.0947,1.0,1.708637,0.3952,
cnn,0.01,2,33,0.102071,1.0,1.695561,0.403,
cnn,0.01,2,34,0.084785,1.0,1.698727,0.396,
cnn,0.01,2,35,0.09101,1.0,1.724359,0.3994,
cnn,0.01,2,36,0.07959,1.0,1.711373,0.4024,
cnn,0.01,2,37,0.078774,1.0,1.696846,0.4022,
cnn,0.01,2,38,0.076677,1.0,1.699099,0.3998,
cnn,0.01,2,39,0.074556,1.0,1.70276,0.4048,
cnn,0.01,2,40,0.068996,1.0,1.70684,0.4024,
cnn,0.01,2,41,0.068523,1.0,1.705667,0.3996,
cnn,0.01,2,42,0.07191,1.0,1.706177,0.4018,
cnn,0.01,2,43,0.068,1.0,1.705388,0.4034,
cnn,0.01,2,44,0.071944,1.0,1.707908,0.4018,
cnn,0.01,2,45,0.0665,1.0,1.708986,0.4014,
cnn,0.01,2,46,0.064008,1.0,1.707518,0.4016,
cnn,0.01,2,47,0.065576,1.0,1.707832,0.401,
cnn,0.01,2,48,0.067194,1.0,1.707274,0.4026,
cnn,0.01,2,49,0.070005,1.0,1.706486,0.4018,
cnn,0.01,2,50,0.064474,1.0,1.705884,0.4024,
cnn,0.01,2,FINAL,,,,0.4062,0.4001
cnn,0.01,3,1,2.261266,0.146667,2.285809,0.1194,
cnn,0.01,3,2,1.950596,0.297778,2.26756,0.1162,
cnn,0.01,3,3,1.805734,0.344444,2.252101,0.1456,
cnn,0.01,3,4,1.713422,0.442222,2.195539,0.1748,
cnn,0.01,3,5,1.625263,0.482222,2.243526,0.179,
cnn,0.01,3,6,1.531046,0.513333,2.179335,0.1978,
cnn,0.01,3,7,1.431524,0.568889,2.09267,0.24,
cnn,0.01,3,8,1.330225,0.635556,1.942197,0.2728,
cnn,0.01,3,9,1.255505,0.637778,1.948146,0.2822,
cnn,0.01,3,10,1.171747,0.693333,1.847069,0.312,
cnn,0.01,3,11,1.088692,0.702222,2.032442,0.292,
cnn,0.01,3,12,1.012624,0.746667,1.863252,0.3048,
cnn,0.01,3,13,0.891368,0.802222,1.798068,0.3544,
cnn,0.01,3,14,0.818229,0.84,1.9386,0.3004,
cnn,0.01,3,15,0.756017,0.86,1.807863,0.3522,
cnn,0.01,3,16,0.668378,0.893333,1.760433,0.3814,
cnn,0.01,3,17,0.615582,0.926667,1.822862,0.344,
cnn,0.01,3,18,0.562678,0.937778,1.740638,0.3714,
cnn,0.01,3,19,0.489657,0.955556,1.807068,0.3514,
cnn,0.01,3,20,0.444782,0.971111,1.752397,0.3638,
cnn,0.01,3,21,0.387078,0.988889,1.714634,0.3862,
cnn,0.01,3,22,0.336337,0.986667,1.708572,0.3864,
cnn,0.01,3,23,0.305002,0.993333,1.740778,0.3768,
cnn,0.01,3,24,0.261391,0.991111,1.793443,0.375,
cnn,0.01,3,25,0.242486,0.997778,1.698042,0.393,
cnn,0.01,3,26,0.224662,0.995556,1.743414,0.3868,
cnn,0.01,3,27,0.211481,0.995556,1.722192,0.3974,
cnn,0.01,3,28,0.177977,1.0,1.719047,0.3872,
cnn,0.01,3,29,0.169914,1.0,1.749975,0.3878,
cnn,0.01,3,30,0.147289,1.0,1.775008,0.38,
cnn,0.01,3,31,0.141632,1.0,1.707417,0.3866,
cnn,0.01,3,32,0.126001,1.0,1.712584,0.399,
cnn,0.01,3,33,0.119555,0.997778,1.732875,0.4008,
cnn,0.01,3,34,0.113847,1.0,1.710563,0.4014,
cnn,0.01,3,35,0.107307,1.0,1.700372,0.4022,
cnn,0.01,3,36,0.096268,1.0,1.701484,0.4032,
cnn,0.01,3,37,0.103504,1.0,1.709535,0.4014,
cnn,0.01,3,38,0.100625,1.0,1.7109,0.3984,
cnn,0.01,3,39,0.091974,1.0,1.715309,0.4008,
cnn,0.01,3,40,0.085193,1.0,1.717006,0.4038,
cnn,0.01,3,41,0.087239,1.0,1.713511,0.4028,
cnn,0.01,3,42,0.085363,1.0,1.7132,0.4016,
cnn,0.01,3,43,0.087599,1.0,1.714291,0.4018,
cnn,0.01,3,44,0.084381,1.0,1.714318,0.4042,
cnn,0.01,3,45,0.083291,1.0,1.71433,0.405,
cnn,0.01,3,46,0.082998,1.0,1.713479,0.405,
cnn,0.01,3,47,0.08343,1.0,1.713077,0.4052,
cnn,0.01,3,48,0.081628,1.0,1.712654,0.4058,
cnn,0.01,3,49,0.078112,1.0,1.71306,0.407,
cnn,0.01,3,50,0.081267,1.0,1.713836,0.4066,
cnn,0.01,3,FINAL,,,,0.407,0.4182
cnn,0.05,1,1,1.985671,0.271111,2.073248,0.193,
cnn,0.05,1,2,1.710559,0.367111,1.750812,0.3338,
cnn,0.05,1,3,1.600387,0.415556,1.886312,0.303,
cnn,0.05,1,4,1.487157,0.466222,1.653488,0.3888,
cnn,0.05,1,5,1.388882,0.524,1.616503,0.401,
cnn,0.05,1,6,1.292511,0.556,1.596732,0.4148,
cnn,0.05,1,7,1.216418,0.582222,1.552958,0.4254,
cnn,0.05,1,8,1.168245,0.604,1.554767,0.4452,
cnn,0.05,1,9,1.065075,0.652889,1.586838,0.4454,
cnn,0.05,1,10,0.99569,0.676,1.751133,0.403,
cnn,0.05,1,11,0.913474,0.713333,1.530392,0.4452,
cnn,0.05,1,12,0.798412,0.757333,1.494655,0.4876,
cnn,0.05,1,13,0.69519,0.795556,1.486467,0.4778,
cnn,0.05,1,14,0.580132,0.856889,1.534904,0.4842,
cnn,0.05,1,15,0.523025,0.873333,1.930478,0.3926,
cnn,0.05,1,16,0.437207,0.911111,1.464212,0.502,
cnn,0.05,1,17,0.343498,0.940889,1.493392,0.4858,
cnn,0.05,1,18,0.261586,0.971556,1.450169,0.5192,
cnn,0.05,1,19,0.213789,0.978667,1.513543,0.492,
cnn,0.05,1,20,0.167761,0.984444,1.509464,0.5012,
cnn,0.05,1,21,0.120614,0.994667,1.403966,0.5346,
cnn,0.05,1,22,0.096648,0.997333,1.479693,0.5132,
cnn,0.05,1,23,0.077501,0.999556,1.532275,0.5084,
cnn,0.05,1,24,0.058117,0.999556,1.480143,0.5268,
cnn,0.05,1,25,0.049034,0.999556,1.443779,0.5202,
cnn,0.05,1,26,0.040896,1.0,1.426949,0.5336,
cnn,0.05,1,27,0.036058,1.0,1.435109,0.5406,
cnn,0.05,1,28,0.033362,1.0,1.451336,0.5368,
cnn,0.05,1,29,0.028863,1.0,1.473843,0.5246,
cnn,0.05,1,30,0.025554,1.0,1.42838,0.5404,
cnn,0.05,1,31,0.023647,1.0,1.442987,0.5394,
cnn,0.05,1,32,0.02195,1.0,1.456459,0.5398,
cnn,0.05,1,33,0.021168,1.0,1.451308,0.5362,
cnn,0.05,1,34,0.020357,1.0,1.442265,0.54,
cnn,0.05,1,35,0.020456,1.0,1.449871,0.5386,
cnn,0.05,1,36,0.019115,1.0,1.453825,0.5416,
cnn,0.05,1,37,0.019004,1.0,1.450568,0.5394,
cnn,0.05,1,38,0.018585,1.0,1.453235,0.5424,
cnn,0.05,1,39,0.018237,1.0,1.452106,0.5404,
cnn,0.05,1,40,0.018114,1.0,1.457255,0.54,
cnn,0.05,1,41,0.016712,1.0,1.455213,0.5392,
cnn,0.05,1,42,0.016634,1.0,1.459192,0.5392,
cnn,0.05,1,43,0.015902,1.0,1.456879,0.541,
cnn,0.05,1,44,0.015865,1.0,1.458442,0.5388,
cnn,0.05,1,45,0.015387,1.0,1.456876,0.5392,
cnn,0.05,1,46,0.015326,1.0,1.458005,0.5406,
cnn,0.05,1,47,0.015278,1.0,1.460551,0.5404,
cnn,0.05,1,48,0.014867,1.0,1.459135,0.5402,
cnn,0.05,1,49,0.015162,1.0,1.459785,0.5414,
cnn,0.05,1,50,0.015198,1.0,1.460076,0.5406,
cnn,0.05,1,FINAL,,,,0.5424,0.5425
cnn,0.05,2,1,1.993529,0.250667,2.193536,0.184,
cnn,0.05,2,2,1.709285,0.387111,1.768503,0.3244,
cnn,0.05,2,3,1.566622,0.437778,1.615802,0.4002,
cnn,0.05,2,4,1.450686,0.480444,1.586582,0.3978,
cnn,0.05,2,5,1.345913,0.528444,1.546265,0.4354,
cnn,0.05,2,6,1.249039,0.559111,1.562675,0.4242,
cnn,0.05,2,7,1.160429,0.597333,1.514758,0.454,
cnn,0.05,2,8,1.062799,0.639111,1.48158,0.4768,
cnn,0.05,2,9,0.973229,0.683111,1.512706,0.4758,
cnn,0.05,2,10,0.897828,0.710222,1.582905,0.4456,
cnn,0.05,2,11,0.791284,0.770222,1.412628,0.4706,
cnn,0.05,2,12,0.687441,0.812889,1.59308,0.4528,
cnn,0.05,2,13,0.574551,0.86,1.394987,0.5044,
cnn,0.05,2,14,0.472044,0.895556,1.71716,0.4394,
cnn,0.05,2,15,0.395763,0.928444,1.641574,0.4588,
cnn,0.05,2,16,0.321296,0.949778,1.465137,0.4906,
cnn,0.05,2,17,0.250546,0.973333,1.59779,0.488,
cnn,0.05,2,18,0.183861,0.989778,1.501102,0.4942,
cnn,0.05,2,19,0.138647,0.991111,1.490647,0.488,
cnn,0.05,2,20,0.098303,0.995556,1.455598,0.5214,
cnn,0.05,2,21,0.078442,0.998222,1.46914,0.5162,
cnn,0.05,2,22,0.062684,0.998667,1.479656,0.515,
cnn,0.05,2,23,0.046565,0.999556,1.434913,0.5218,
cnn,0.05,2,24,0.039038,1.0,1.422574,0.5282,
cnn,0.05,2,25,0.032427,1.0,1.454439,0.5256,
cnn,0.05,2,26,0.026858,1.0,1.470228,0.5238,
cnn,0.05,2,27,0.024887,1.0,1.43722,0.531,
cnn,0.05,2,28,0.023535,1.0,1.447559,0.5304,
cnn,0.05,2,29,0.020818,1.0,1.448708,0.5328,
cnn,0.05,2,30,0.019808,1.0,1.463635,0.5258,
cnn,0.05,2,31,0.019485,1.0,1.454241,0.53,
cnn,0.05,2,32,0.017818,1.0,1.454979,0.5314,
cnn,0.05,2,33,0.016668,1.0,1.458157,0.533,
cnn,0.05,2,34,0.016859,1.0,1.468093,0.5334,
cnn,0.05,2,35,0.015632,1.0,1.465286,0.529,
cnn,0.05,2,36,0.015458,1.0,1.471635,0.5316,
cnn,0.05,2,37,0.014301,1.0,1.467577,0.532,
cnn,0.05,2,38,0.013483,1.0,1.4702,0.5306,
cnn,0.05,2,39,0.013604,1.0,1.468334,0.5318,
cnn,0.05,2,40,0.012788,1.0,1.471824,0.5298,
cnn,0.05,2,41,0.012982,1.0,1.47349,0.5308,
cnn,0.05,2,42,0.01223,1.0,1.471441,0.5294,
cnn,0.05,2,43,0.012424,1.0,1.473276,0.5288,
cnn,0.05,2,44,0.012665,1.0,1.475544,0.5288,
cnn,0.05,2,45,0.012317,1.0,1.478054,0.5294,
cnn,0.05,2,46,0.012397,1.0,1.476811,0.529,
cnn,0.05,2,47,0.012114,1.0,1.476691,0.5288,
cnn,0.05,2,48,0.012006,1.0,1.475349,0.5276,
cnn,0.05,2,49,0.012074,1.0,1.477969,0.5282,
cnn,0.05,2,50,0.012564,1.0,1.47792,0.5284,
cnn,0.05,2,FINAL,,,,0.5334,0.5487
cnn,0.05,3,1,1.98003,0.265333,2.078536,0.1952,
cnn,0.05,3,2,1.706617,0.378222,1.866179,0.3076,
cnn,0.05,3,3,1.577327,0.424,1.728911,0.35,
cnn,0.05,3,4,1.441604,0.495111,1.68236,0.378,
cnn,0.05,3,5,1.364579,0.509333,1.607088,0.4162,
cnn,0.05,3,6,1.287711,0.541778,1.54692,0.453,
cnn,0.05,3,7,1.170673,0.597778,1.540103,0.4434,
cnn,0.05,3,8,1.125761,0.608889,1.52122,0.4708,
cnn,0.05,3,9,1.039812,0.634667,1.72555,0.387,
cnn,0.05,3,10,0.959077,0.673778,1.865951,0.356,
cnn,0.05,3,11,0.869262,0.722222,1.509588,0.4704,
cnn,0.05,3,12,0.771095,0.770667,1.550676,0.4676,
cnn,0.05,3,13,0.68416,0.799556,1.5611,0.4776,
cnn,0.05,3,14,0.576777,0.851556,1.493018,0.4866,
cnn,0.05,3,15,0.465878,0.9,1.367105,0.5218,
cnn,0.05,3,16,0.371366,0.935556,1.487442,0.5142,
cnn,0.05,3,17,0.300437,0.959556,1.60922,0.4666,
cnn,0.05,3,18,0.227201,0.976,1.393256,0.5284,
cnn,0.05,3,19,0.163787,0.989333,1.735649,0.4464,
cnn,0.05,3,20,0.127833,0.994222,1.42859,0.5242,
cnn,0.05,3,21,0.096473,0.996,1.506704,0.5286,
cnn,0.05,3,22,0.082466,0.997778,1.508353,0.5106,
cnn,0.05,3,23,0.062773,0.999556,1.435077,0.538,
cnn,0.05,3,24,0.051556,0.999111,1.453326,0.5366,
cnn,0.05,3,25,0.043024,1.0,1.449892,0.536,
cnn,0.05,3,26,0.035855,1.0,1.422513,0.5452,
cnn,0.05,3,27,0.030385,0.999556,1.40607,0.5458,
cnn,0.05,3,28,0.028609,1.0,1.42303,0.5488,
cnn,0.05,3,29,0.024564,1.0,1.403128,0.5508,
cnn,0.05,3,30,0.022771,1.0,1.410723,0.549,
cnn,0.05,3,31,0.022168,1.0,1.416372,0.5466,
cnn,0.05,3,32,0.019755,1.0,1.425176,0.5502,
cnn,0.05,3,33,0.018227,1.0,1.426327,0.5476,
cnn,0.05,3,34,0.017919,1.0,1.423472,0.5498,
cnn,0.05,3,35,0.017074,1.0,1.425874,0.553,
cnn,0.05,3,36,0.016311,1.0,1.421919,0.5498,
cnn,0.05,3,37,0.015792,1.0,1.427692,0.5518,
cnn,0.05,3,38,0.01523,1.0,1.430359,0.552,
cnn,0.05,3,39,0.015407,1.0,1.427199,0.5512,
cnn,0.05,3,40,0.014956,1.0,1.432756,0.551,
cnn,0.05,3,41,0.014093,1.0,1.430516,0.5524,
cnn,0.05,3,42,0.014395,1.0,1.430648,0.5514,
cnn,0.05,3,43,0.014384,1.0,1.432575,0.5526,
cnn,0.05,3,44,0.01385,1.0,1.433141,0.5524,
cnn,0.05,3,45,0.013453,1.0,1.432121,0.5506,
cnn,0.05,3,46,0.014077,1.0,1.433944,0.5524,
cnn,0.05,3,47,0.01345,1.0,1.433358,0.5508,
cnn,0.05,3,48,0.013798,1.0,1.432404,0.5518,
cnn,0.05,3,49,0.013367,1.0,1.433484,0.552,
cnn,0.05,3,50,0.01334,1.0,1.432266,0.5488,
cnn,0.05,3,FINAL,,,,0.553,0.5452
cnn,0.1,1,1,1.859649,0.321333,1.774163,0.3326,
cnn,0.1,1,2,1.598647,0.418,1.854306,0.3338,
cnn,0.1,1,3,1.479702,0.467556,1.676998,0.4016,
cnn,0.1,1,4,1.389327,0.502667,1.497972,0.452,
cnn,0.1,1,5,1.297899,0.536889,1.499288,0.4548,
cnn,0.1,1,6,1.211624,0.572444,1.340455,0.5226,
cnn,0.1,1,7,1.133328,0.604667,1.449964,0.4808,
cnn,0.1,1,8,1.047249,0.629556,1.421465,0.4878,
cnn,0.1,1,9,0.963858,0.668889,1.902291,0.3894,
cnn,0.1,1,10,0.927687,0.672667,1.309821,0.5322,
cnn,0.1,1,11,0.839264,0.710667,1.436146,0.5004,
cnn,0.1,1,12,0.770801,0.745778,1.329026,0.547,
cnn,0.1,1,13,0.68525,0.774889,1.338759,0.5356,
cnn,0.1,1,14,0.605434,0.808667,1.379986,0.521,
cnn,0.1,1,15,0.513435,0.842889,1.283013,0.554,
cnn,0.1,1,16,0.471117,0.863111,1.660633,0.5084,
cnn,0.1,1,17,0.435897,0.871556,1.23408,0.5828,
cnn,0.1,1,18,0.327725,0.921111,1.644655,0.5036,
cnn,0.1,1,19,0.249697,0.943556,1.308041,0.5662,
cnn,0.1,1,20,0.197135,0.969778,1.348506,0.5686,
cnn,0.1,1,21,0.15378,0.980667,1.241614,0.6064,
cnn,0.1,1,22,0.107889,0.994222,1.295442,0.5936,
cnn,0.1,1,23,0.087927,0.995333,1.336736,0.6048,
cnn,0.1,1,24,0.09404,0.991556,1.349903,0.593,
cnn,0.1,1,25,0.056814,0.998222,1.292858,0.6122,
cnn,0.1,1,26,0.045842,0.999556,1.311725,0.6104,
cnn,0.1,1,27,0.039187,0.999778,1.348468,0.6,
cnn,0.1,1,28,0.032561,0.999556,1.331657,0.5938,
cnn,0.1,1,29,0.025077,1.0,1.330773,0.6064,
cnn,0.1,1,30,0.021352,1.0,1.322002,0.608,
cnn,0.1,1,31,0.023284,0.999778,1.33161,0.617,
cnn,0.1,1,32,0.01845,1.0,1.321935,0.619,
cnn,0.1,1,33,0.016387,1.0,1.323909,0.6142,
cnn,0.1,1,34,0.015174,1.0,1.338071,0.6152,
cnn,0.1,1,35,0.014354,0.999778,1.363815,0.6024,
cnn,0.1,1,36,0.019222,0.999556,1.362047,0.6094,
cnn,0.1,1,37,0.022623,0.999556,1.369047,0.61,
cnn,0.1,1,38,0.014617,1.0,1.347893,0.6162,
cnn,0.1,1,39,0.013036,1.0,1.347015,0.6144,
cnn,0.1,1,40,0.012327,1.0,1.351975,0.6142,
cnn,0.1,1,41,0.011538,1.0,1.352716,0.6152,
cnn,0.1,1,42,0.011613,1.0,1.351617,0.6158,
cnn,0.1,1,43,0.011102,1.0,1.358691,0.6152,
cnn,0.1,1,44,0.011625,1.0,1.356008,0.6128,
cnn,0.1,1,45,0.011228,1.0,1.354061,0.6164,
cnn,0.1,1,46,0.010738,1.0,1.35306,0.616,
cnn,0.1,1,47,0.010526,1.0,1.358087,0.619,
cnn,0.1,1,48,0.010664,1.0,1.355161,0.6184,
cnn,0.1,1,49,0.010465,1.0,1.355834,0.616,
cnn,0.1,1,50,0.010551,1.0,1.359571,0.6164,
cnn,0.1,1,FINAL,,,,0.619,0.6137
cnn,0.1,2,1,1.860018,0.310444,1.800045,0.3232,
cnn,0.1,2,2,1.593336,0.420889,1.678654,0.3662,
cnn,0.1,2,3,1.433449,0.480667,1.730098,0.3788,
cnn,0.1,2,4,1.346901,0.520667,1.425074,0.4888,
cnn,0.1,2,5,1.247819,0.555556,1.35383,0.5126,
cnn,0.1,2,6,1.147971,0.598667,1.555391,0.4258,
cnn,0.1,2,7,1.053888,0.638667,1.494825,0.4622,
cnn,0.1,2,8,0.987535,0.659778,1.27881,0.5428,
cnn,0.1,2,9,0.918759,0.683778,1.376022,0.5282,
cnn,0.1,2,10,0.819548,0.73,1.985694,0.3944,
cnn,0.1,2,11,0.730693,0.754444,1.436555,0.5176,
cnn,0.1,2,12,0.610779,0.813778,1.258016,0.5538,
cnn,0.1,2,13,0.544868,0.834667,1.978944,0.4596,
cnn,0.1,2,14,0.469263,0.868444,1.613699,0.4838,
cnn,0.1,2,15,0.392579,0.905556,1.652239,0.4986,
cnn,0.1,2,16,0.297947,0.940667,1.428891,0.5444,
cnn,0.1,2,17,0.257793,0.944444,1.606468,0.5302,
cnn,0.1,2,18,0.168108,0.978667,1.448989,0.5626,
cnn,0.1,2,19,0.120512,0.989778,1.287957,0.598,
cnn,0.1,2,20,0.09726,0.993111,1.352294,0.5878,
cnn,0.1,2,21,0.081461,0.996,1.378194,0.5844,
cnn,0.1,2,22,0.050177,0.999333,1.288421,0.5946,
cnn,0.1,2,23,0.042426,0.999111,1.293465,0.6106,
cnn,0.1,2,24,0.03191,1.0,1.371195,0.5922,
cnn,0.1,2,25,0.027043,1.0,1.327608,0.6034,
cnn,0.1,2,26,0.021045,1.0,1.336764,0.6038,
cnn,0.1,2,27,0.019,1.0,1.3561,0.6028,
cnn,0.1,2,28,0.023964,0.999556,1.483728,0.5802,
cnn,0.1,2,29,0.016755,1.0,1.371974,0.602,
cnn,0.1,2,30,0.019939,1.0,1.401295,0.5992,
cnn,0.1,2,31,0.018562,0.999556,1.370262,0.601,
cnn,0.1,2,32,0.012661,1.0,1.348791,0.611,
cnn,0.1,2,33,0.01221,0.999778,1.407095,0.6036,
cnn,0.1,2,34,0.020983,0.998667,1.403612,0.5964,
cnn,0.1,2,35,0.011967,1.0,1.371094,0.6102,
cnn,0.1,2,36,0.010655,1.0,1.357398,0.6158,
cnn,0.1,2,37,0.009934,1.0,1.362321,0.6138,
cnn,0.1,2,38,0.009612,1.0,1.378255,0.611,
cnn,0.1,2,39,0.008725,1.0,1.364442,0.613,
cnn,0.1,2,40,0.009061,1.0,1.376139,0.612,
cnn,0.1,2,41,0.008688,1.0,1.378449,0.6116,
cnn,0.1,2,42,0.008542,1.0,1.373793,0.6112,
cnn,0.1,2,43,0.00855,1.0,1.375487,0.6118,
cnn,0.1,2,44,0.007985,1.0,1.375049,0.6108,
cnn,0.1,2,45,0.008136,1.0,1.379987,0.6086,
cnn,0.1,2,46,0.007956,1.0,1.376891,0.6098,
cnn,0.1,2,47,0.008284,1.0,1.38192,0.61,
cnn,0.1,2,48,0.008277,0.999778,1.373682,0.6102,
cnn,0.1,2,49,0.007971,1.0,1.379831,0.6088,
cnn,0.1,2,50,0.007876,1.0,1.381067,0.6092,
cnn,0.1,2,FINAL,,,,0.6158,0.6091
cnn,0.1,3,1,1.89044,0.295333,1.790097,0.3244,
cnn,0.1,3,2,1.599765,0.419111,1.642705,0.3966,
cnn,0.1,3,3,1.450176,0.468,1.595884,0.393,
cnn,0.1,3,4,1.358567,0.508,1.578973,0.417,
cnn,0.1,3,5,1.296399,0.541556,1.586486,0.439,
cnn,0.1,3,6,1.19353,0.583333,1.311613,0.5346,
cnn,0.1,3,7,1.102904,0.608889,1.386428,0.5036,
cnn,0.1,3,8,1.066521,0.625556,1.509264,0.4848,
cnn,0.1,3,9,0.964614,0.664444,1.323052,0.5236,
cnn,0.1,3,10,0.866463,0.702889,1.336798,0.5346,
cnn,0.1,3,11,0.782905,0.737333,1.530971,0.4866,
cnn,0.1,3,12,0.702249,0.769778,1.278096,0.557,
cnn,0.1,3,13,0.614872,0.807556,1.394026,0.5214,
cnn,0.1,3,14,0.53321,0.836667,1.371177,0.5286,
cnn,0.1,3,15,0.461738,0.868667,1.279339,0.5568,
cnn,0.1,3,16,0.351967,0.910444,1.397053,0.558,
cnn,0.1,3,17,0.300394,0.934444,1.703038,0.5282,
cnn,0.1,3,18,0.231607,0.956889,1.46086,0.5438,
cnn,0.1,3,19,0.175369,0.975333,1.457077,0.5442,
cnn,0.1,3,20,0.109672,0.992667,1.290087,0.5876,
cnn,0.1,3,21,0.097291,0.993778,1.255465,0.5958,
cnn,0.1,3,22,0.071017,0.998222,1.289572,0.5932,
cnn,0.1,3,23,0.05072,0.999333,1.262483,0.6008,
cnn,0.1,3,24,0.036721,1.0,1.266028,0.6084,
cnn,0.1,3,25,0.032431,0.999778,1.274064,0.6066,
cnn,0.1,3,26,0.024959,1.0,1.274254,0.6072,
cnn,0.1,3,27,0.020357,1.0,1.26718,0.6126,
cnn,0.1,3,28,0.019654,1.0,1.307315,0.603,
cnn,0.1,3,29,0.019274,1.0,1.2789,0.6176,
cnn,0.1,3,30,0.015989,1.0,1.289356,0.6166,
cnn,0.1,3,31,0.014456,1.0,1.290366,0.6168,
cnn,0.1,3,32,0.0136,1.0,1.309659,0.611,
cnn,0.1,3,33,0.019199,0.999333,1.315978,0.6134,
cnn,0.1,3,34,0.013212,1.0,1.309638,0.6126,
cnn,0.1,3,35,0.012243,0.999778,1.300016,0.6172,
cnn,0.1,3,36,0.01268,1.0,1.300974,0.6194,
cnn,0.1,3,37,0.011295,1.0,1.308322,0.6192,
cnn,0.1,3,38,0.011258,1.0,1.312835,0.6182,
cnn,0.1,3,39,0.010288,1.0,1.313344,0.617,
cnn,0.1,3,40,0.009603,1.0,1.306173,0.617,
cnn,0.1,3,41,0.009733,1.0,1.31478,0.6196,
cnn,0.1,3,42,0.011013,1.0,1.329136,0.6128,
cnn,0.1,3,43,0.010017,1.0,1.315765,0.6156,
cnn,0.1,3,44,0.009351,1.0,1.318011,0.6166,
cnn,0.1,3,45,0.009569,1.0,1.317113,0.6168,
cnn,0.1,3,46,0.00952,1.0,1.318778,0.62,
cnn,0.1,3,47,0.009333,1.0,1.318911,0.6196,
cnn,0.1,3,48,0.009194,1.0,1.314067,0.6188,
cnn,0.1,3,49,0.009323,1.0,1.31137,0.6174,
cnn,0.1,3,50,0.00956,1.0,1.312296,0.6184,
cnn,0.1,3,FINAL,,,,0.62,0.613
cnn,0.25,1,1,1.712625,0.374222,1.589468,0.4086,
cnn,0.25,1,2,1.401619,0.492889,1.382944,0.492,
cnn,0.25,1,3,1.229338,0.562756,1.2481,0.5542,
cnn,0.25,1,4,1.114335,0.605956,1.290871,0.5332,
cnn,0.25,1,5,1.016522,0.640444,1.074909,0.6184,
cnn,0.25,1,6,0.908099,0.682222,1.108599,0.6094,
cnn,0.25,1,7,0.825624,0.711289,1.216597,0.5772,
cnn,0.25,1,8,0.754973,0.735467,1.199123,0.5976,
cnn,0.25,1,9,0.675809,0.768711,1.150465,0.6278,
cnn,0.25,1,10,0.593646,0.800533,1.232614,0.5842,
cnn,0.25,1,11,0.525039,0.822933,1.086154,0.6352,
cnn,0.25,1,12,0.440249,0.859822,1.040176,0.6722,
cnn,0.25,1,13,0.361517,0.8872,1.127891,0.6454,
cnn,0.25,1,14,0.299943,0.911556,1.289697,0.6278,
cnn,0.25,1,15,0.227592,0.940978,1.282904,0.6324,
cnn,0.25,1,16,0.168244,0.961511,1.282207,0.6374,
cnn,0.25,1,17,0.121067,0.975556,1.152623,0.6692,
cnn,0.25,1,18,0.085471,0.986489,1.255389,0.6666,
cnn,0.25,1,19,0.062069,0.993422,1.161655,0.685,
cnn,0.25,1,20,0.037505,0.998933,1.13274,0.6802,
cnn,0.25,1,21,0.02485,0.999644,1.185225,0.6744,
cnn,0.25,1,22,0.018585,0.999644,1.161668,0.6866,
cnn,0.25,1,23,0.012672,1.0,1.139596,0.695,
cnn,0.25,1,24,0.010557,1.0,1.161547,0.6886,
cnn,0.25,1,25,0.008918,1.0,1.155297,0.6926,
cnn,0.25,1,26,0.007968,1.0,1.168334,0.688,
cnn,0.25,1,27,0.007556,1.0,1.174968,0.6938,
cnn,0.25,1,28,0.006679,1.0,1.176983,0.6932,
cnn,0.25,1,29,0.00612,1.0,1.199733,0.688,
cnn,0.25,1,30,0.005482,1.0,1.185254,0.6928,
cnn,0.25,1,31,0.005239,1.0,1.203338,0.693,
cnn,0.25,1,32,0.005003,1.0,1.20569,0.6912,
cnn,0.25,1,33,0.004506,1.0,1.212825,0.6918,
cnn,0.25,1,34,0.004153,1.0,1.206017,0.6924,
cnn,0.25,1,35,0.004315,1.0,1.223264,0.6894,
cnn,0.25,1,36,0.003843,1.0,1.227887,0.6894,
cnn,0.25,1,37,0.0039,1.0,1.219988,0.6894,
cnn,0.25,1,38,0.00347,1.0,1.226735,0.689,
cnn,0.25,1,39,0.003483,1.0,1.234494,0.6898,
cnn,0.25,1,40,0.003494,1.0,1.229996,0.6896,
cnn,0.25,1,41,0.003378,1.0,1.232542,0.6936,
cnn,0.25,1,42,0.003205,1.0,1.232786,0.6926,
cnn,0.25,1,43,0.003109,1.0,1.231252,0.6888,
cnn,0.25,1,44,0.003168,1.0,1.236194,0.692,
cnn,0.25,1,45,0.002984,1.0,1.235505,0.6928,
cnn,0.25,1,46,0.002954,1.0,1.233736,0.6924,
cnn,0.25,1,47,0.003098,1.0,1.23321,0.6908,
cnn,0.25,1,48,0.002924,1.0,1.235575,0.6908,
cnn,0.25,1,49,0.003096,1.0,1.234566,0.6904,
cnn,0.25,1,50,0.003021,1.0,1.240566,0.6914,
cnn,0.25,1,FINAL,,,,0.695,0.6894
cnn,0.25,2,1,1.681196,0.380267,1.568017,0.3948,
cnn,0.25,2,2,1.348758,0.511644,1.50082,0.4594,
cnn,0.25,2,3,1.182703,0.576711,1.261237,0.541,
cnn,0.25,2,4,1.059278,0.625067,1.468807,0.4994,
cnn,0.25,2,5,0.9654,0.661867,1.389974,0.5328,
cnn,0.25,2,6,0.882415,0.693156,1.023286,0.632,
cnn,0.25,2,7,0.794429,0.7232,1.146589,0.5914,
cnn,0.25,2,8,0.699588,0.762044,1.076611,0.6272,
cnn,0.25,2,9,0.638824,0.781689,1.168761,0.6242,
cnn,0.25,2,10,0.56102,0.8104,1.068771,0.6398,
cnn,0.25,2,11,0.472074,0.847111,1.193047,0.6094,
cnn,0.25,2,12,0.400291,0.873867,1.053714,0.6602,
cnn,0.25,2,13,0.318739,0.905689,1.310059,0.6194,
cnn,0.25,2,14,0.239403,0.9352,1.579271,0.5822,
cnn,0.25,2,15,0.19898,0.946311,1.244528,0.6358,
cnn,0.25,2,16,0.132937,0.974756,1.126528,0.6594,
cnn,0.25,2,17,0.088846,0.9856,1.388688,0.6348,
cnn,0.25,2,18,0.05588,0.996178,1.252304,0.6516,
cnn,0.25,2,19,0.036451,0.997511,1.135267,0.6856,
cnn,0.25,2,20,0.025569,0.999556,1.192559,0.678,
cnn,0.25,2,21,0.016548,0.999911,1.142271,0.694,
cnn,0.25,2,22,0.012737,0.999911,1.123238,0.6922,
cnn,0.25,2,23,0.010101,0.999911,1.144261,0.6978,
cnn,0.25,2,24,0.008428,1.0,1.146995,0.6988,
cnn,0.25,2,25,0.007514,1.0,1.153699,0.6994,
cnn,0.25,2,26,0.006483,1.0,1.152285,0.6978,
cnn,0.25,2,27,0.006079,1.0,1.16273,0.6956,
cnn,0.25,2,28,0.005377,1.0,1.167435,0.6966,
cnn,0.25,2,29,0.004932,1.0,1.16658,0.6976,
cnn,0.25,2,30,0.004834,1.0,1.176341,0.6964,
cnn,0.25,2,31,0.004375,1.0,1.195966,0.6952,
cnn,0.25,2,32,0.004019,1.0,1.192554,0.6968,
cnn,0.25,2,33,0.003791,1.0,1.191829,0.6974,
cnn,0.25,2,34,0.003611,1.0,1.20539,0.6942,
cnn,0.25,2,35,0.003463,1.0,1.205361,0.699,
cnn,0.25,2,36,0.003414,1.0,1.206358,0.6964,
cnn,0.25,2,37,0.003199,1.0,1.202996,0.6978,
cnn,0.25,2,38,0.003101,1.0,1.214736,0.6962,
cnn,0.25,2,39,0.00301,1.0,1.211322,0.699,
cnn,0.25,2,40,0.002818,1.0,1.212508,0.6964,
cnn,0.25,2,41,0.002818,1.0,1.212381,0.6982,
cnn,0.25,2,42,0.002792,1.0,1.211436,0.696,
cnn,0.25,2,43,0.002699,1.0,1.217671,0.6984,
cnn,0.25,2,44,0.002747,1.0,1.216342,0.6952,
cnn,0.25,2,45,0.002678,1.0,1.225533,0.695,
cnn,0.25,2,46,0.002643,1.0,1.216194,0.6956,
cnn,0.25,2,47,0.00258,1.0,1.216805,0.6972,
cnn,0.25,2,48,0.002739,1.0,1.21752,0.6974,
cnn,0.25,2,49,0.002552,1.0,1.220055,0.6966,
cnn,0.25,2,50,0.002683,1.0,1.21684,0.6994,
cnn,0.25,2,FINAL,,,,0.6994,0.6914
cnn,0.25,3,1,1.696105,0.372178,1.586707,0.4208,
cnn,0.25,3,2,1.372445,0.507289,1.407819,0.48,
cnn,0.25,3,3,1.214593,0.565422,1.333449,0.533,
cnn,0.25,3,4,1.087647,0.615289,1.168206,0.5896,
cnn,0.25,3,5,0.987376,0.6488,1.172463,0.5746,
cnn,0.25,3,6,0.905665,0.680444,1.042622,0.6246,
cnn,0.25,3,7,0.809634,0.721778,1.139005,0.6092,
cnn,0.25,3,8,0.732289,0.743822,1.448348,0.5548,
cnn,0.25,3,9,0.652509,0.775378,1.142621,0.619,
cnn,0.25,3,10,0.585441,0.804089,0.969956,0.6584,
cnn,0.25,3,11,0.48418,0.841867,1.257548,0.5918,
cnn,0.25,3,12,0.414084,0.865333,1.154277,0.6326,
cnn,0.25,3,13,0.350653,0.892356,1.10457,0.6494,
cnn,0.25,3,14,0.258995,0.927378,1.082302,0.6592,
cnn,0.25,3,15,0.20279,0.947556,1.429307,0.6012,
cnn,0.25,3,16,0.136824,0.973689,1.146549,0.663,
cnn,0.25,3,17,0.087187,0.988444,1.259866,0.6558,
cnn,0.25,3,18,0.062241,0.994133,1.10337,0.6724,
cnn,0.25,3,19,0.041611,0.997511,1.110734,0.6828,
cnn,0.25,3,20,0.026862,0.999556,1.100306,0.694,
cnn,0.25,3,21,0.017993,0.999822,1.079108,0.6896,
cnn,0.25,3,22,0.013688,1.0,1.096051,0.6926,
cnn,0.25,3,23,0.010705,1.0,1.100516,0.6938,
cnn,0.25,3,24,0.009513,1.0,1.104956,0.6922,
cnn,0.25,3,25,0.008111,1.0,1.127083,0.688,
cnn,0.25,3,26,0.00737,1.0,1.128817,0.6956,
cnn,0.25,3,27,0.00648,1.0,1.147007,0.6924,
cnn,0.25,3,28,0.005723,1.0,1.135381,0.6962,
cnn,0.25,3,29,0.005204,1.0,1.141208,0.6932,
cnn,0.25,3,30,0.004906,1.0,1.151838,0.6928,
cnn,0.25,3,31,0.004611,1.0,1.154798,0.6958,
cnn,0.25,3,32,0.004229,1.0,1.161356,0.6948,
cnn,0.25,3,33,0.004182,1.0,1.161785,0.6912,
cnn,0.25,3,34,0.003809,1.0,1.162909,0.693,
cnn,0.25,3,35,0.003641,1.0,1.169617,0.6918,
cnn,0.25,3,36,0.003381,1.0,1.17044,0.6932,
cnn,0.25,3,37,0.003386,1.0,1.176319,0.6906,
cnn,0.25,3,38,0.003181,1.0,1.17925,0.6944,
cnn,0.25,3,39,0.003158,1.0,1.181131,0.6932,
cnn,0.25,3,40,0.003055,1.0,1.177486,0.693,
cnn,0.25,3,41,0.003013,1.0,1.186067,0.6904,
cnn,0.25,3,42,0.002824,1.0,1.183852,0.6908,
cnn,0.25,3,43,0.002833,1.0,1.185894,0.6912,
cnn,0.25,3,44,0.00289,1.0,1.183867,0.6922,
cnn,0.25,3,45,0.002712,1.0,1.185068,0.693,
cnn,0.25,3,46,0.002783,1.0,1.188711,0.6938,
cnn,0.25,3,47,0.002749,1.0,1.189342,0.693,
cnn,0.25,3,48,0.00267,1.0,1.186915,0.6926,
cnn,0.25,3,49,0.002589,1.0,1.188747,0.6926,
cnn,0.25,3,50,0.002733,1.0,1.189628,0.6914,
cnn,0.25,3,FINAL,,,,0.6962,0.685
cnn,0.5,1,1,1.573797,0.4272,1.468412,0.4594,
cnn,0.5,1,2,1.205834,0.568889,1.693763,0.447,
cnn,0.5,1,3,1.014841,0.643244,1.143032,0.59,
cnn,0.5,1,4,0.895461,0.6852,1.171835,0.5868,
cnn,0.5,1,5,0.803577,0.717778,0.975619,0.6504,
cnn,0.5,1,6,0.719198,0.747778,1.075111,0.6398,
cnn,0.5,1,7,0.641756,0.778,0.77984,0.7318,
cnn,0.5,1,8,0.577746,0.798756,0.912927,0.6892,
cnn,0.5,1,9,0.506937,0.8248,0.853245,0.7094,
cnn,0.5,1,10,0.43974,0.850356,1.180343,0.6168,
cnn,0.5,1,11,0.376373,0.873733,0.942601,0.701,
cnn,0.5,1,12,0.312564,0.8948,0.884322,0.7144,
cnn,0.5,1,13,0.266031,0.9128,0.938814,0.7174,
cnn,0.5,1,14,0.211963,0.934756,0.914474,0.7212,
cnn,0.5,1,15,0.154091,0.957022,1.01998,0.7214,
cnn,0.5,1,16,0.118585,0.969911,0.980396,0.7284,
cnn,0.5,1,17,0.089503,0.978356,1.232837,0.6854,
cnn,0.5,1,18,0.068326,0.985156,1.146824,0.7082,
cnn,0.5,1,19,0.048958,0.992,1.080193,0.7184,
cnn,0.5,1,20,0.037253,0.994578,1.170565,0.7162,
cnn,0.5,1,21,0.021423,0.998533,1.122746,0.7328,
cnn,0.5,1,22,0.014409,0.999333,1.023866,0.7494,
cnn,0.5,1,23,0.009532,0.999911,1.059798,0.7446,
cnn,0.5,1,24,0.006776,0.999956,1.045142,0.7512,
cnn,0.5,1,25,0.005057,1.0,1.052054,0.7552,
cnn,0.5,1,26,0.004398,1.0,1.060575,0.7534,
cnn,0.5,1,27,0.003992,0.999956,1.081545,0.7492,
cnn,0.5,1,28,0.003293,1.0,1.089887,0.7532,
cnn,0.5,1,29,0.00311,1.0,1.097805,0.7496,
cnn,0.5,1,30,0.002637,1.0,1.102212,0.7546,
cnn,0.5,1,31,0.002325,1.0,1.106509,0.7518,
cnn,0.5,1,32,0.002151,1.0,1.12282,0.7504,
cnn,0.5,1,33,0.002026,1.0,1.118662,0.7488,
cnn,0.5,1,34,0.001833,1.0,1.132471,0.7514,
cnn,0.5,1,35,0.001763,1.0,1.136081,0.7506,
cnn,0.5,1,36,0.001803,1.0,1.143859,0.7518,
cnn,0.5,1,37,0.001502,1.0,1.141603,0.7524,
cnn,0.5,1,38,0.001441,1.0,1.149757,0.7522,
cnn,0.5,1,39,0.001383,1.0,1.152243,0.7512,
cnn,0.5,1,40,0.001308,1.0,1.157492,0.751,
cnn,0.5,1,41,0.001314,1.0,1.159756,0.7518,
cnn,0.5,1,42,0.001291,1.0,1.165886,0.7502,
cnn,0.5,1,43,0.001239,1.0,1.165569,0.7492,
cnn,0.5,1,44,0.001166,1.0,1.167222,0.7508,
cnn,0.5,1,45,0.001175,1.0,1.16861,0.7506,
cnn,0.5,1,46,0.00111,1.0,1.169597,0.7508,
cnn,0.5,1,47,0.001087,1.0,1.167313,0.7506,
cnn,0.5,1,48,0.001098,1.0,1.171819,0.7494,
cnn,0.5,1,49,0.001099,1.0,1.170376,0.7498,
cnn,0.5,1,50,0.001072,1.0,1.170868,0.7502,
cnn,0.5,1,FINAL,,,,0.7552,0.7495
cnn,0.5,2,1,1.504471,0.449111,1.410846,0.4858,
cnn,0.5,2,2,1.146181,0.592622,1.240034,0.5534,
cnn,0.5,2,3,0.97811,0.651378,1.179963,0.5784,
cnn,0.5,2,4,0.864957,0.692756,1.365701,0.5386,
cnn,0.5,2,5,0.78753,0.720978,1.028187,0.6304,
cnn,0.5,2,6,0.710164,0.7504,0.988029,0.6508,
cnn,0.5,2,7,0.635848,0.777111,0.921777,0.677,
cnn,0.5,2,8,0.569687,0.798,1.155101,0.626,
cnn,0.5,2,9,0.50535,0.823422,0.826443,0.71,
cnn,0.5,2,10,0.42944,0.8544,1.097326,0.66,
cnn,0.5,2,11,0.372246,0.872978,0.908744,0.7022,
cnn,0.5,2,12,0.308557,0.896667,0.935944,0.6942,
cnn,0.5,2,13,0.248233,0.922267,0.985416,0.6918,
cnn,0.5,2,14,0.199183,0.939289,1.048655,0.707,
cnn,0.5,2,15,0.156372,0.955733,1.199751,0.6738,
cnn,0.5,2,16,0.11165,0.970267,0.97355,0.7218,
cnn,0.5,2,17,0.076635,0.984489,1.041065,0.7224,
cnn,0.5,2,18,0.060944,0.988533,1.325771,0.6792,
cnn,0.5,2,19,0.044583,0.993244,0.990006,0.7388,
cnn,0.5,2,20,0.028574,0.997378,1.023759,0.743,
cnn,0.5,2,21,0.017834,0.999289,1.002095,0.7468,
cnn,0.5,2,22,0.011201,0.999778,1.058224,0.744,
cnn,0.5,2,23,0.007689,0.999911,1.005039,0.752,
cnn,0.5,2,24,0.006083,1.0,1.028988,0.757,
cnn,0.5,2,25,0.00494,1.0,1.0335,0.753,
cnn,0.5,2,26,0.004171,0.999956,1.050066,0.7522,
cnn,0.5,2,27,0.003559,1.0,1.062661,0.7536,
cnn,0.5,2,28,0.003083,1.0,1.060435,0.7544,
cnn,0.5,2,29,0.002929,1.0,1.075278,0.7504,
cnn,0.5,2,30,0.002517,1.0,1.078802,0.7538,
cnn,0.5,2,31,0.00232,1.0,1.091999,0.7532,
cnn,0.5,2,32,0.002055,1.0,1.098331,0.7542,
cnn,0.5,2,33,0.00195,1.0,1.105415,0.7532,
cnn,0.5,2,34,0.00187,1.0,1.119085,0.7506,
cnn,0.5,2,35,0.001794,1.0,1.116169,0.751,
cnn,0.5,2,36,0.001605,1.0,1.124041,0.7512,
cnn,0.5,2,37,0.001551,1.0,1.126744,0.749,
cnn,0.5,2,38,0.001432,1.0,1.12633,0.7528,
cnn,0.5,2,39,0.001381,1.0,1.129238,0.7534,
cnn,0.5,2,40,0.001257,1.0,1.128498,0.751,
cnn,0.5,2,41,0.001275,1.0,1.129594,0.752,
cnn,0.5,2,42,0.001178,1.0,1.140813,0.7508,
cnn,0.5,2,43,0.001168,1.0,1.137661,0.753,
cnn,0.5,2,44,0.001194,1.0,1.142819,0.751,
cnn,0.5,2,45,0.001075,1.0,1.148956,0.7526,
cnn,0.5,2,46,0.001065,1.0,1.149879,0.7518,
cnn,0.5,2,47,0.001054,1.0,1.140555,0.7528,
cnn,0.5,2,48,0.001086,1.0,1.150753,0.7524,
cnn,0.5,2,49,0.001045,1.0,1.151647,0.7506,
cnn,0.5,2,50,0.001037,1.0,1.152434,0.7516,
cnn,0.5,2,FINAL,,,,0.757,0.746
cnn,0.5,3,1,1.5436,0.437244,1.333148,0.521,
cnn,0.5,3,2,1.155751,0.589467,1.258934,0.5614,
cnn,0.5,3,3,0.98043,0.65,1.095452,0.6142,
cnn,0.5,3,4,0.859291,0.696756,1.003034,0.6494,
cnn,0.5,3,5,0.770604,0.728622,0.970934,0.6602,
cnn,0.5,3,6,0.685888,0.758,0.962986,0.6698,
cnn,0.5,3,7,0.614345,0.785511,0.839123,0.7118,
cnn,0.5,3,8,0.542976,0.812978,0.894488,0.6904,
cnn,0.5,3,9,0.475345,0.837378,0.860602,0.7164,
cnn,0.5,3,10,0.421034,0.854622,0.858127,0.7154,
cnn,0.5,3,11,0.358285,0.879822,0.921899,0.7164,
cnn,0.5,3,12,0.295612,0.903689,1.058239,0.6958,
cnn,0.5,3,13,0.250542,0.916711,0.944433,0.7214,
cnn,0.5,3,14,0.194959,0.940044,1.202835,0.6978,
cnn,0.5,3,15,0.143934,0.960444,1.011966,0.707,
cnn,0.5,3,16,0.114796,0.968756,0.975858,0.726,
cnn,0.5,3,17,0.08895,0.978356,1.318916,0.687,
cnn,0.5,3,18,0.063344,0.987022,1.048201,0.7434,
cnn,0.5,3,19,0.040497,0.994578,1.003271,0.7416,
cnn,0.5,3,20,0.024083,0.997778,1.023881,0.7454,
cnn,0.5,3,21,0.018427,0.998756,1.007811,0.7538,
cnn,0.5,3,22,0.011236,0.999778,1.073066,0.7444,
cnn,0.5,3,23,0.008147,0.999911,1.018311,0.761,
cnn,0.5,3,24,0.005893,0.999956,1.031202,0.7586,
cnn,0.5,3,25,0.004503,1.0,1.032185,0.7562,
cnn,0.5,3,26,0.004005,1.0,1.041558,0.7602,
cnn,0.5,3,27,0.003587,1.0,1.051754,0.7582,
cnn,0.5,3,28,0.003068,1.0,1.060887,0.7594,
cnn,0.5,3,29,0.002913,1.0,1.06218,0.7604,
cnn,0.5,3,30,0.002388,1.0,1.071219,0.7586,
cnn,0.5,3,31,0.002417,1.0,1.096499,0.7582,
cnn,0.5,3,32,0.002164,1.0,1.093547,0.7602,
cnn,0.5,3,33,0.002002,1.0,1.089301,0.7622,
cnn,0.5,3,34,0.001892,1.0,1.105142,0.7536,
cnn,0.5,3,35,0.001717,1.0,1.104144,0.7614,
cnn,0.5,3,36,0.001538,1.0,1.101568,0.76,
cnn,0.5,3,37,0.001495,1.0,1.121711,0.7592,
cnn,0.5,3,38,0.00148,1.0,1.118409,0.761,
cnn,0.5,3,39,0.001344,1.0,1.123356,0.7606,
cnn,0.5,3,40,0.001232,1.0,1.13155,0.7592,
cnn,0.5,3,41,0.001265,1.0,1.131561,0.755,
cnn,0.5,3,42,0.001208,1.0,1.129507,0.7564,
cnn,0.5,3,43,0.001127,1.0,1.127634,0.7566,
cnn,0.5,3,44,0.001084,1.0,1.134424,0.7572,
cnn,0.5,3,45,0.001066,1.0,1.138532,0.7584,
cnn,0.5,3,46,0.001024,1.0,1.145545,0.7588,
cnn,0.5,3,47,0.001015,1.0,1.137251,0.7602,
cnn,0.5,3,48,0.00099,1.0,1.141158,0.7586,
cnn,0.5,3,49,0.001031,1.0,1.138377,0.7608,
cnn,0.5,3,50,0.000986,1.0,1.139315,0.7616,
cnn,0.5,3,FINAL,,,,0.7622,0.7564
cnn,1.0,1,1,1.385323,0.499311,1.261039,0.5474,
cnn,1.0,1,2,0.98129,0.651533,1.236228,0.55,
cnn,1.0,1,3,0.817835,0.710778,1.101837,0.6282,
cnn,1.0,1,4,0.70933,0.749333,0.981866,0.6532,
cnn,1.0,1,5,0.617848,0.784844,0.800462,0.7208,
cnn,1.0,1,6,0.546389,0.810333,0.703769,0.7518,
cnn,1.0,1,7,0.486453,0.831067,0.881639,0.7086,
cnn,1.0,1,8,0.427079,0.853022,0.714485,0.7582,
cnn,1.0,1,9,0.377877,0.870733,0.653013,0.7792,
cnn,1.0,1,10,0.331763,0.886289,0.748939,0.7562,
cnn,1.0,1,11,0.280761,0.903911,0.735548,0.758,
cnn,1.0,1,12,0.240903,0.916911,0.77838,0.7528,
cnn,1.0,1,13,0.208118,0.930156,0.796527,0.7606,
cnn,1.0,1,14,0.169743,0.9436,0.779593,0.773,
cnn,1.0,1,15,0.140749,0.955111,0.805638,0.7766,
cnn,1.0,1,16,0.111833,0.963844,0.825862,0.7792,
cnn,1.0,1,17,0.094039,0.971444,0.872993,0.7762,
cnn,1.0,1,18,0.075172,0.977756,0.89956,0.779,
cnn,1.0,1,19,0.0619,0.9824,0.919657,0.7824,
cnn,1.0,1,20,0.050679,0.986511,0.967385,0.773,
cnn,1.0,1,21,0.039642,0.990556,1.086265,0.7754,
cnn,1.0,1,22,0.040204,0.9892,1.013238,0.774,
cnn,1.0,1,23,0.027475,0.9936,1.002147,0.7904,
cnn,1.0,1,24,0.029079,0.9918,1.047595,0.779,
cnn,1.0,1,25,0.023187,0.995067,0.968081,0.799,
cnn,1.0,1,26,0.011026,0.998778,1.061572,0.7916,
cnn,1.0,1,27,0.007505,0.999422,0.997177,0.8008,
cnn,1.0,1,28,0.005219,0.999711,1.134712,0.7756,
cnn,1.0,1,29,0.011291,0.997956,1.193833,0.7688,
cnn,1.0,1,30,0.025136,0.993244,1.065453,0.7902,
cnn,1.0,1,31,0.008826,0.9988,1.033292,0.7912,
cnn,1.0,1,32,0.003949,0.999756,1.004907,0.8008,
cnn,1.0,1,33,0.002326,1.0,1.005506,0.8008,
cnn,1.0,1,34,0.001688,1.0,1.015366,0.8024,
cnn,1.0,1,35,0.001535,0.999978,1.038305,0.8018,
cnn,1.0,1,36,0.001233,1.0,1.055245,0.7992,
cnn,1.0,1,37,0.001059,1.0,1.046727,0.8026,
cnn,1.0,1,38,0.000955,1.0,1.056182,0.8002,
cnn,1.0,1,39,0.00086,1.0,1.057105,0.802,
cnn,1.0,1,40,0.001035,0.999978,1.066955,0.7986,
cnn,1.0,1,41,0.000898,0.999978,1.075002,0.7972,
cnn,1.0,1,42,0.000795,1.0,1.07874,0.7998,
cnn,1.0,1,43,0.000632,1.0,1.077252,0.8,
cnn,1.0,1,44,0.000705,1.0,1.078774,0.7996,
cnn,1.0,1,45,0.000627,1.0,1.080542,0.7984,
cnn,1.0,1,46,0.000605,1.0,1.083531,0.7994,
cnn,1.0,1,47,0.000561,1.0,1.086898,0.7986,
cnn,1.0,1,48,0.000558,1.0,1.086529,0.7982,
cnn,1.0,1,49,0.000548,1.0,1.084603,0.798,
cnn,1.0,1,50,0.000537,1.0,1.082573,0.7994,
cnn,1.0,1,FINAL,,,,0.8026,0.805
cnn,1.0,2,1,1.342443,0.514867,1.272017,0.5468,
cnn,1.0,2,2,0.946772,0.665156,1.157214,0.5858,
cnn,1.0,2,3,0.80767,0.713289,1.196997,0.5946,
cnn,1.0,2,4,0.699863,0.754822,0.84017,0.7112,
cnn,1.0,2,5,0.613596,0.785111,0.837425,0.7132,
cnn,1.0,2,6,0.545196,0.809444,0.760356,0.7468,
cnn,1.0,2,7,0.481482,0.833667,0.957521,0.7,
cnn,1.0,2,8,0.432128,0.8488,0.737239,0.7512,
cnn,1.0,2,9,0.378545,0.868467,0.756397,0.7528,
cnn,1.0,2,10,0.330351,0.885822,0.715563,0.765,
cnn,1.0,2,11,0.28605,0.902822,0.778967,0.7544,
cnn,1.0,2,12,0.242807,0.917689,0.76968,0.7692,
cnn,1.0,2,13,0.204829,0.931022,0.77767,0.758,
cnn,1.0,2,14,0.167334,0.945489,1.017682,0.7346,
cnn,1.0,2,15,0.143373,0.952689,0.864291,0.7656,
cnn,1.0,2,16,0.110913,0.966222,0.968392,0.7564,
cnn,1.0,2,17,0.091553,0.972444,0.953461,0.7606,
cnn,1.0,2,18,0.073061,0.979378,0.963146,0.7668,
cnn,1.0,2,19,0.05852,0.984022,0.918187,0.7794,
cnn,1.0,2,20,0.055706,0.984133,0.987418,0.7688,
cnn,1.0,2,21,0.043126,0.988311,0.895138,0.7944,
cnn,1.0,2,22,0.031099,0.9928,0.95604,0.789,
cnn,1.0,2,23,0.022352,0.995711,0.971619,0.788,
cnn,1.0,2,24,0.02355,0.995111,1.041151,0.7862,
cnn,1.0,2,25,0.033845,0.989644,1.356354,0.7572,
cnn,1.0,2,26,0.02766,0.992711,1.111309,0.7748,
cnn,1.0,2,27,0.011667,0.998444,0.982246,0.7954,
cnn,1.0,2,28,0.006499,0.999511,1.005029,0.7974,
cnn,1.0,2,29,0.004062,0.999844,0.997321,0.7958,
cnn,1.0,2,30,0.002959,0.999956,0.994286,0.8016,
cnn,1.0,2,31,0.002322,1.0,1.005656,0.8008,
cnn,1.0,2,32,0.00194,1.0,1.017476,0.8024,
cnn,1.0,2,33,0.001687,0.999978,1.010315,0.8026,
cnn,1.0,2,34,0.001499,1.0,1.041617,0.8006,
cnn,1.0,2,35,0.001233,1.0,1.037026,0.803,
cnn,1.0,2,36,0.00104,1.0,1.042888,0.8028,
cnn,1.0,2,37,0.000865,1.0,1.048163,0.802,
cnn,1.0,2,38,0.000779,1.0,1.062168,0.8008,
cnn,1.0,2,39,0.000783,1.0,1.072627,0.7986,
cnn,1.0,2,40,0.000892,0.999978,1.085912,0.7992,
cnn,1.0,2,41,0.000669,1.0,1.078529,0.8034,
cnn,1.0,2,42,0.00059,1.0,1.09099,0.7988,
cnn,1.0,2,43,0.000574,1.0,1.094764,0.7986,
cnn,1.0,2,44,0.000533,1.0,1.097579,0.8008,
cnn,1.0,2,45,0.00052,1.0,1.100245,0.8004,
cnn,1.0,2,46,0.000488,1.0,1.09769,0.802,
cnn,1.0,2,47,0.000444,1.0,1.097372,0.7998,
cnn,1.0,2,48,0.000459,1.0,1.103473,0.8006,
cnn,1.0,2,49,0.000433,1.0,1.101916,0.8018,
cnn,1.0,2,50,0.000421,1.0,1.102685,0.8004,
cnn,1.0,2,FINAL,,,,0.8034,0.8012
cnn,1.0,3,1,1.375259,0.504956,1.232572,0.548,
cnn,1.0,3,2,0.976486,0.651689,1.107243,0.6238,
cnn,1.0,3,3,0.814693,0.714244,0.991549,0.6388,
cnn,1.0,3,4,0.69707,0.757533,0.805227,0.7228,
cnn,1.0,3,5,0.611769,0.786822,0.774912,0.733,
cnn,1.0,3,6,0.534816,0.815067,0.737973,0.7446,
cnn,1.0,3,7,0.475553,0.834711,0.683609,0.765,
cnn,1.0,3,8,0.419699,0.855022,0.738599,0.7596,
cnn,1.0,3,9,0.369183,0.873956,0.706649,0.7646,
cnn,1.0,3,10,0.319972,0.891444,0.725613,0.7688,
cnn,1.0,3,11,0.271721,0.908,0.699367,0.7766,
cnn,1.0,3,12,0.234334,0.921956,0.735817,0.7784,
cnn,1.0,3,13,0.201387,0.931289,0.738225,0.787,
cnn,1.0,3,14,0.15858,0.9482,0.825926,0.7636,
cnn,1.0,3,15,0.130342,0.958222,0.924072,0.7546,
cnn,1.0,3,16,0.110569,0.966356,0.797376,0.7812,
cnn,1.0,3,17,0.091515,0.972156,1.113344,0.7482,
cnn,1.0,3,18,0.074204,0.979,0.842719,0.787,
cnn,1.0,3,19,0.064349,0.981067,0.84566,0.786,
cnn,1.0,3,20,0.053376,0.984756,0.983105,0.7632,
cnn,1.0,3,21,0.044221,0.988422,0.957691,0.783,
cnn,1.0,3,22,0.034977,0.990978,0.990705,0.7782,
cnn,1.0,3,23,0.029575,0.992978,0.944268,0.789,
cnn,1.0,3,24,0.030279,0.991511,1.08144,0.7738,
cnn,1.0,3,25,0.025054,0.994222,1.055741,0.7774,
cnn,1.0,3,26,0.01639,0.997022,1.025619,0.7902,
cnn,1.0,3,27,0.009535,0.998956,0.980108,0.795,
cnn,1.0,3,28,0.00865,0.998822,0.986915,0.8004,
cnn,1.0,3,29,0.005116,0.999778,0.981395,0.7988,
cnn,1.0,3,30,0.003523,0.999889,0.982262,0.8004,
cnn,1.0,3,31,0.002561,0.999956,0.999979,0.8016,
cnn,1.0,3,32,0.002135,0.999956,1.013399,0.8002,
cnn,1.0,3,33,0.001733,1.0,1.019786,0.8016,
cnn,1.0,3,34,0.001431,1.0,1.022227,0.8038,
cnn,1.0,3,35,0.001183,1.0,1.028286,0.8038,
cnn,1.0,3,36,0.001406,0.999956,1.067463,0.798,
cnn,1.0,3,37,0.001232,1.0,1.052853,0.8008,
cnn,1.0,3,38,0.001116,0.999978,1.056419,0.8036,
cnn,1.0,3,39,0.001013,1.0,1.075909,0.7998,
cnn,1.0,3,40,0.000751,1.0,1.089831,0.8016,
cnn,1.0,3,41,0.00064,1.0,1.078349,0.8026,
cnn,1.0,3,42,0.000659,1.0,1.086062,0.802,
cnn,1.0,3,43,0.000739,0.999978,1.083115,0.8002,
cnn,1.0,3,44,0.000546,1.0,1.084472,0.8038,
cnn,1.0,3,45,0.00048,1.0,1.088395,0.8012,
cnn,1.0,3,46,0.000462,1.0,1.097544,0.8028,
cnn,1.0,3,47,0.000477,1.0,1.094462,0.8018,
cnn,1.0,3,48,0.000432,1.0,1.098474,0.8038,
cnn,1.0,3,49,0.000401,1.0,1.093311,0.8046,
cnn,1.0,3,50,0.000425,1.0,1.094051,0.8024,
cnn,1.0,3,FINAL,,,,0.8046,0.8023
vit,0.01,1,1,2.220775,0.171111,2.138719,0.2128,
vit,0.01,1,2,2.059592,0.233333,2.079418,0.2116,
vit,0.01,1,3,1.978083,0.28,2.048469,0.229,
vit,0.01,1,4,1.925612,0.313333,2.027128,0.246,
vit,0.01,1,5,1.8777,0.34,2.013226,0.2428,
vit,0.01,1,6,1.820157,0.36,2.026469,0.229,
vit,0.01,1,7,1.807802,0.353333,1.994466,0.2432,
vit,0.01,1,8,1.768317,0.335556,1.986878,0.2438,
vit,0.01,1,9,1.755785,0.335556,1.964985,0.2552,
vit,0.01,1,10,1.7139,0.36,1.966411,0.2624,
vit,0.01,1,11,1.651014,0.402222,1.987001,0.2616,
vit,0.01,1,12,1.607337,0.415556,1.962167,0.272,
vit,0.01,1,13,1.573782,0.44,1.973265,0.2686,
vit,0.01,1,14,1.528267,0.482222,1.985194,0.2716,
vit,0.01,1,15,1.507365,0.495556,1.994189,0.2684,
vit,0.01,1,16,1.480502,0.471111,1.963029,0.2824,
vit,0.01,1,17,1.460516,0.484444,1.996768,0.2696,
vit,0.01,1,18,1.409623,0.508889,1.987995,0.275,
vit,0.01,1,19,1.368798,0.513333,1.985397,0.2794,
vit,0.01,1,20,1.344062,0.544444,2.007221,0.2728,
vit,0.01,1,21,1.304412,0.562222,2.027772,0.2864,
vit,0.01,1,22,1.296201,0.522222,1.986113,0.2888,
vit,0.01,1,23,1.236637,0.573333,2.033796,0.289,
vit,0.01,1,24,1.210327,0.608889,2.022686,0.28,
vit,0.01,1,25,1.15179,0.617778,2.027183,0.286,
vit,0.01,1,26,1.141877,0.62,2.035901,0.2864,
vit,0.01,1,27,1.105401,0.628889,2.086817,0.2762,
vit,0.01,1,28,1.035794,0.666667,2.033449,0.2932,
vit,0.01,1,29,1.017595,0.671111,2.038843,0.2874,
vit,0.01,1,30,0.996827,0.673333,2.08504,0.289,
vit,0.01,1,31,0.972895,0.693333,2.07744,0.2932,
vit,0.01,1,32,0.896574,0.711111,2.08083,0.286,
vit,0.01,1,33,0.90236,0.737778,2.066499,0.2992,
vit,0.01,1,34,0.880624,0.733333,2.12279,0.2868,
vit,0.01,1,35,0.855007,0.762222,2.095542,0.296,
vit,0.01,1,36,0.808796,0.771111,2.087458,0.3026,
vit,0.01,1,37,0.773863,0.777778,2.135142,0.2864,
vit,0.01,1,38,0.783955,0.784444,2.12655,0.3,
vit,0.01,1,39,0.746324,0.795556,2.13919,0.2956,
vit,0.01,1,40,0.745411,0.784444,2.148477,0.2918,
vit,0.01,1,41,0.713809,0.802222,2.139272,0.2894,
vit,0.01,1,42,0.722939,0.791111,2.132752,0.295,
vit,0.01,1,43,0.741932,0.777778,2.13224,0.2962,
vit,0.01,1,44,0.67306,0.817778,2.133286,0.2978,
vit,0.01,1,45,0.689954,0.808889,2.135119,0.2986,
vit,0.01,1,46,0.691825,0.811111,2.135936,0.2994,
vit,0.01,1,47,0.684625,0.817778,2.135606,0.2992,
vit,0.01,1,48,0.672638,0.802222,2.136183,0.2992,
vit,0.01,1,49,0.695113,0.806667,2.13634,0.2998,
vit,0.01,1,50,0.676403,0.804444,2.13643,0.2998,
vit,0.01,1,FINAL,,,,0.3026,0.3083
vit,0.01,2,1,2.24853,0.128889,2.125327,0.2202,
vit,0.01,2,2,2.078007,0.251111,2.064884,0.2546,
vit,0.01,2,3,2.006164,0.288889,2.029405,0.2626,
vit,0.01,2,4,1.950344,0.3,2.032515,0.2626,
vit,0.01,2,5,1.925373,0.32,1.975847,0.275,
vit,0.01,2,6,1.872111,0.36,1.986149,0.2716,
vit,0.01,2,7,1.835989,0.364444,1.933302,0.2936,
vit,0.01,2,8,1.792678,0.326667,1.91673,0.2976,
vit,0.01,2,9,1.737275,0.373333,1.962248,0.2832,
vit,0.01,2,10,1.729776,0.395556,1.909889,0.3022,
vit,0.01,2,11,1.655996,0.44,1.919091,0.2988,
vit,0.01,2,12,1.62238,0.415556,1.89874,0.3062,
vit,0.01,2,13,1.566654,0.48,1.901199,0.3046,
vit,0.01,2,14,1.516906,0.502222,1.883945,0.318,
vit,0.01,2,15,1.453794,0.504444,1.931319,0.302,
vit,0.01,2,16,1.448259,0.526667,1.918883,0.3072,
vit,0.01,2,17,1.400649,0.551111,1.892327,0.3274,
vit,0.01,2,18,1.333498,0.566667,1.875756,0.3256,
vit,0.01,2,19,1.29061,0.573333,1.93336,0.3004,
vit,0.01,2,20,1.253736,0.597778,1.924932,0.323,
vit,0.01,2,21,1.208646,0.604444,1.919253,0.3242,
vit,0.01,2,22,1.174258,0.637778,1.930104,0.3198,
vit,0.01,2,23,1.139709,0.646667,1.937339,0.3218,
vit,0.01,2,24,1.068449,0.671111,1.983322,0.3128,
vit,0.01,2,25,1.019596,0.706667,1.953833,0.3256,
vit,0.01,2,26,0.951367,0.717778,2.028037,0.3026,
vit,0.01,2,27,0.935957,0.726667,2.00133,0.3288,
vit,0.01,2,28,0.894115,0.742222,2.005052,0.3226,
vit,0.01,2,29,0.853001,0.768889,2.018025,0.334,
vit,0.01,2,30,0.789943,0.773333,2.063536,0.3138,
vit,0.01,2,31,0.760812,0.804444,2.0756,0.323,
vit,0.01,2,32,0.7355,0.808889,2.032967,0.3344,
vit,0.01,2,33,0.71987,0.811111,2.06004,0.3178,
vit,0.01,2,34,0.682191,0.817778,2.080399,0.327,
vit,0.01,2,35,0.657183,0.855556,2.110794,0.3228,
vit,0.01,2,36,0.649013,0.853333,2.104455,0.3274,
vit,0.01,2,37,0.623322,0.842222,2.093629,0.3376,
vit,0.01,2,38,0.59728,0.86,2.112377,0.3264,
vit,0.01,2,39,0.57108,0.875556,2.128745,0.3272,
vit,0.01,2,40,0.535224,0.893333,2.127309,0.3302,
vit,0.01,2,41,0.558299,0.88,2.122584,0.3338,
vit,0.01,2,42,0.530635,0.891111,2.125256,0.3356,
vit,0.01,2,43,0.538964,0.882222,2.131374,0.3334,
vit,0.01,2,44,0.532442,0.888889,2.136382,0.3278,
vit,0.01,2,45,0.521662,0.882222,2.137306,0.3274,
vit,0.01,2,46,0.532918,0.888889,2.136409,0.3304,
vit,0.01,2,47,0.506495,0.908889,2.135294,0.3296,
vit,0.01,2,48,0.505729,0.9,2.135028,0.329,
vit,0.01,2,49,0.51307,0.913333,2.135181,0.3296,
vit,0.01,2,50,0.507686,0.902222,2.135221,0.3302,
vit,0.01,2,FINAL,,,,0.3376,0.3299
vit,0.01,3,1,2.245962,0.162222,2.145109,0.212,
vit,0.01,3,2,2.096697,0.233333,2.101186,0.2232,
vit,0.01,3,3,2.046717,0.26,2.067709,0.2386,
vit,0.01,3,4,1.993282,0.297778,2.036702,0.2576,
vit,0.01,3,5,1.967571,0.291111,2.027206,0.2564,
vit,0.01,3,6,1.927904,0.306667,1.99456,0.2626,
vit,0.01,3,7,1.88461,0.315556,1.972584,0.2692,
vit,0.01,3,8,1.850877,0.337778,1.982179,0.2628,
vit,0.01,3,9,1.796916,0.328889,1.955596,0.2684,
vit,0.01,3,10,1.760124,0.344444,1.960962,0.2666,
vit,0.01,3,11,1.727374,0.342222,1.998953,0.2572,
vit,0.01,3,12,1.717218,0.364444,1.964211,0.286,
vit,0.01,3,13,1.673276,0.402222,1.983541,0.2702,
vit,0.01,3,14,1.631903,0.417778,1.940742,0.2882,
vit,0.01,3,15,1.56363,0.451111,1.971517,0.2742,
vit,0.01,3,16,1.530576,0.442222,1.937494,0.294,
vit,0.01,3,17,1.486817,0.473333,1.974615,0.281,
vit,0.01,3,18,1.443097,0.488889,1.93949,0.2984,
vit,0.01,3,19,1.399028,0.491111,1.967036,0.2954,
vit,0.01,3,20,1.364173,0.526667,1.970591,0.3022,
vit,0.01,3,21,1.30921,0.546667,1.975626,0.2972,
vit,0.01,3,22,1.267601,0.548889,1.967769,0.3102,
vit,0.01,3,23,1.233345,0.588889,2.013903,0.2994,
vit,0.01,3,24,1.20706,0.568889,1.9767,0.3108,
vit,0.01,3,25,1.146303,0.591111,2.032594,0.3008,
vit,0.01,3,26,1.133918,0.631111,2.022355,0.3158,
vit,0.01,3,27,1.114433,0.626667,2.022509,0.3162,
vit,0.01,3,28,1.066267,0.646667,2.051113,0.3126,
vit,0.01,3,29,1.016027,0.666667,2.026404,0.3182,
vit,0.01,3,30,0.964697,0.666667,2.048391,0.3164,
vit,0.01,3,31,0.948326,0.717778,2.078123,0.31,
vit,0.01,3,32,0.917621,0.715556,2.061566,0.3172,
vit,0.01,3,33,0.868213,0.72,2.06209,0.3204,
vit,0.01,3,34,0.844421,0.731111,2.076445,0.3182,
vit,0.01,3,35,0.794931,0.768889,2.104813,0.3108,
vit,0.01,3,36,0.783789,0.782222,2.133573,0.3146,
vit,0.01,3,37,0.782104,0.766667,2.144516,0.3086,
vit,0.01,3,38,0.755177,0.78,2.11865,0.317,
vit,0.01,3,39,0.733003,0.773333,2.105405,0.3216,
vit,0.01,3,40,0.732819,0.788889,2.113895,0.3196,
vit,0.01,3,41,0.71917,0.806667,2.133376,0.3158,
vit,0.01,3,42,0.714405,0.773333,2.148831,0.3144,
vit,0.01,3,43,0.694469,0.795556,2.14191,0.3178,
vit,0.01,3,44,0.674767,0.835556,2.134489,0.3228,
vit,0.01,3,45,0.697551,0.797778,2.131875,0.3228,
vit,0.01,3,46,0.662051,0.824444,2.132753,0.323,
vit,0.01,3,47,0.697244,0.808889,2.132953,0.3226,
vit,0.01,3,48,0.689796,0.822222,2.133662,0.323,
vit,0.01,3,49,0.666611,0.82,2.133997,0.3226,
vit,0.01,3,50,0.681224,0.811111,2.134102,0.3226,
vit,0.01,3,FINAL,,,,0.323,0.3274
vit,0.05,1,1,2.113271,0.215556,2.020592,0.2442,
vit,0.05,1,2,1.967519,0.270667,1.966361,0.2612,
vit,0.05,1,3,1.885471,0.288889,1.878995,0.2958,
vit,0.05,1,4,1.823698,0.324,1.835852,0.3166,
vit,0.05,1,5,1.810711,0.308889,1.82766,0.312,
vit,0.05,1,6,1.755745,0.356889,1.79064,0.3338,
vit,0.05,1,7,1.696992,0.366222,1.775562,0.3324,
vit,0.05,1,8,1.656235,0.383556,1.734567,0.3626,
vit,0.05,1,9,1.631648,0.393333,1.711955,0.3562,
vit,0.05,1,10,1.556413,0.432889,1.73117,0.3704,
vit,0.05,1,11,1.500331,0.452444,1.658338,0.3946,
vit,0.05,1,12,1.455334,0.457333,1.6804,0.3912,
vit,0.05,1,13,1.451381,0.464,1.644892,0.405,
vit,0.05,1,14,1.359594,0.498222,1.651695,0.398,
vit,0.05,1,15,1.294637,0.536444,1.655856,0.407,
vit,0.05,1,16,1.241911,0.561333,1.619025,0.4226,
vit,0.05,1,17,1.219218,0.564444,1.649722,0.4228,
vit,0.05,1,18,1.152805,0.593778,1.727632,0.405,
vit,0.05,1,19,1.140759,0.590222,1.663913,0.42,
vit,0.05,1,20,1.070132,0.625333,1.642786,0.425,
vit,0.05,1,21,1.022246,0.632,1.691814,0.4164,
vit,0.05,1,22,0.967869,0.651556,1.670197,0.4362,
vit,0.05,1,23,0.935714,0.668444,1.675921,0.4384,
vit,0.05,1,24,0.889571,0.68,1.752712,0.4374,
vit,0.05,1,25,0.821293,0.714222,1.684933,0.439,
vit,0.05,1,26,0.761528,0.743111,1.757832,0.435,
vit,0.05,1,27,0.768466,0.726222,1.780568,0.4424,
vit,0.05,1,28,0.703708,0.751111,1.8215,0.4312,
vit,0.05,1,29,0.653318,0.784889,1.806886,0.4362,
vit,0.05,1,30,0.650647,0.775111,1.850169,0.4304,
vit,0.05,1,31,0.622084,0.774667,1.848371,0.4342,
vit,0.05,1,32,0.569805,0.799556,1.886687,0.4314,
vit,0.05,1,33,0.550707,0.816889,1.927841,0.438,
vit,0.05,1,34,0.538606,0.815111,1.910611,0.4308,
vit,0.05,1,35,0.499252,0.825333,1.928,0.4356,
vit,0.05,1,36,0.470934,0.845333,1.945699,0.4348,
vit,0.05,1,37,0.426255,0.865333,1.962701,0.447,
vit,0.05,1,38,0.42336,0.852889,1.968868,0.4434,
vit,0.05,1,39,0.404923,0.859111,1.968936,0.4452,
vit,0.05,1,40,0.391012,0.877778,1.999564,0.4426,
vit,0.05,1,41,0.365131,0.883111,1.999234,0.4474,
vit,0.05,1,42,0.355494,0.886667,2.018112,0.4422,
vit,0.05,1,43,0.353355,0.892889,2.035474,0.4424,
vit,0.05,1,44,0.3387,0.892,2.031092,0.4454,
vit,0.05,1,45,0.354031,0.882667,2.037825,0.4442,
vit,0.05,1,46,0.332839,0.893778,2.037516,0.4452,
vit,0.05,1,47,0.333429,0.904,2.037069,0.4458,
vit,0.05,1,48,0.328118,0.894667,2.038898,0.4462,
vit,0.05,1,49,0.307597,0.906667,2.039097,0.4462,
vit,0.05,1,50,0.316953,0.892889,2.039015,0.447,
vit,0.05,1,FINAL,,,,0.4474,0.4443
vit,0.05,2,1,2.115851,0.212889,2.017531,0.2404,
vit,0.05,2,2,2.003648,0.252,1.944707,0.2874,
vit,0.05,2,3,1.928296,0.284,1.901768,0.2864,
vit,0.05,2,4,1.866846,0.294222,1.834278,0.3116,
vit,0.05,2,5,1.795912,0.345778,1.832101,0.3228,
vit,0.05,2,6,1.752467,0.353333,1.77037,0.3402,
vit,0.05,2,7,1.71662,0.372,1.764133,0.338,
vit,0.05,2,8,1.662054,0.392444,1.752427,0.3584,
vit,0.05,2,9,1.602358,0.411556,1.729366,0.362,
vit,0.05,2,10,1.547785,0.427111,1.763563,0.3642,
vit,0.05,2,11,1.508704,0.445778,1.694774,0.3804,
vit,0.05,2,12,1.46528,0.463556,1.67646,0.3928,
vit,0.05,2,13,1.402608,0.483111,1.644864,0.3994,
vit,0.05,2,14,1.352149,0.508889,1.677364,0.3956,
vit,0.05,2,15,1.310488,0.529778,1.755564,0.3844,
vit,0.05,2,16,1.292381,0.534667,1.725495,0.4026,
vit,0.05,2,17,1.243725,0.541333,1.654837,0.399,
vit,0.05,2,18,1.147874,0.589333,1.6564,0.4114,
vit,0.05,2,19,1.099452,0.605333,1.728578,0.4114,
vit,0.05,2,20,1.060609,0.611556,1.697815,0.4174,
vit,0.05,2,21,1.007774,0.643556,1.712861,0.4276,
vit,0.05,2,22,0.954923,0.660444,1.733248,0.414,
vit,0.05,2,23,0.896443,0.677778,1.701688,0.4372,
vit,0.05,2,24,0.869474,0.688444,1.747669,0.4344,
vit,0.05,2,25,0.81916,0.707556,1.785865,0.4306,
vit,0.05,2,26,0.811328,0.707556,1.774699,0.4324,
vit,0.05,2,27,0.784904,0.731111,1.838492,0.4306,
vit,0.05,2,28,0.725346,0.748444,1.820997,0.4258,
vit,0.05,2,29,0.676844,0.769778,1.84141,0.4418,
vit,0.05,2,30,0.638278,0.784,1.84706,0.4294,
vit,0.05,2,31,0.629191,0.774222,1.912497,0.4302,
vit,0.05,2,32,0.598893,0.797333,1.897499,0.4238,
vit,0.05,2,33,0.573225,0.803556,1.900117,0.439,
vit,0.05,2,34,0.519301,0.825333,1.93496,0.4326,
vit,0.05,2,35,0.483665,0.836,1.9346,0.4378,
vit,0.05,2,36,0.463989,0.846222,1.955536,0.432,
vit,0.05,2,37,0.457099,0.852,1.95776,0.44,
vit,0.05,2,38,0.433541,0.86,1.990007,0.4356,
vit,0.05,2,39,0.412152,0.862222,1.994339,0.4412,
vit,0.05,2,40,0.40616,0.866667,2.001654,0.4446,
vit,0.05,2,41,0.374497,0.874222,2.011255,0.4352,
vit,0.05,2,42,0.356277,0.886222,2.027803,0.441,
vit,0.05,2,43,0.369902,0.873333,2.033612,0.4404,
vit,0.05,2,44,0.343851,0.886222,2.03529,0.4392,
vit,0.05,2,45,0.337245,0.892,2.043859,0.4406,
vit,0.05,2,46,0.340258,0.894667,2.042923,0.4392,
vit,0.05,2,47,0.324606,0.903111,2.04563,0.438,
vit,0.05,2,48,0.324065,0.895111,2.045371,0.4392,
vit,0.05,2,49,0.3252,0.898222,2.045707,0.4392,
vit,0.05,2,50,0.318559,0.901778,2.045725,0.4388,
vit,0.05,2,FINAL,,,,0.4446,0.4563
vit,0.05,3,1,2.11851,0.203111,2.054592,0.2408,
vit,0.05,3,2,1.987133,0.261333,1.951562,0.2832,
vit,0.05,3,3,1.899137,0.292889,1.891043,0.301,
vit,0.05,3,4,1.835798,0.301333,1.878024,0.2954,
vit,0.05,3,5,1.776758,0.336444,1.86784,0.3018,
vit,0.05,3,6,1.738899,0.351111,1.827764,0.3034,
vit,0.05,3,7,1.678262,0.366667,1.753497,0.3396,
vit,0.05,3,8,1.650932,0.378667,1.747496,0.3494,
vit,0.05,3,9,1.610602,0.399111,1.80355,0.3336,
vit,0.05,3,10,1.580137,0.404444,1.702236,0.3778,
vit,0.05,3,11,1.52631,0.434667,1.695581,0.368,
vit,0.05,3,12,1.418935,0.463556,1.715451,0.3818,
vit,0.05,3,13,1.422366,0.467556,1.650641,0.3982,
vit,0.05,3,14,1.362069,0.504444,1.632641,0.413,
vit,0.05,3,15,1.275447,0.534222,1.627733,0.423,
vit,0.05,3,16,1.219444,0.553333,1.636545,0.4224,
vit,0.05,3,17,1.176883,0.574222,1.661723,0.4304,
vit,0.05,3,18,1.173365,0.556444,1.687919,0.4104,
vit,0.05,3,19,1.114271,0.596889,1.713698,0.4058,
vit,0.05,3,20,1.053832,0.619111,1.700304,0.4108,
vit,0.05,3,21,1.01611,0.626222,1.677987,0.4268,
vit,0.05,3,22,0.952362,0.663111,1.674683,0.4376,
vit,0.05,3,23,0.926931,0.678222,1.697596,0.4352,
vit,0.05,3,24,0.851505,0.701333,1.713027,0.4356,
vit,0.05,3,25,0.804399,0.707111,1.736197,0.4428,
vit,0.05,3,26,0.797125,0.712,1.756574,0.441,
vit,0.05,3,27,0.744804,0.743111,1.802124,0.4356,
vit,0.05,3,28,0.692562,0.760444,1.799948,0.4482,
vit,0.05,3,29,0.662682,0.776889,1.817896,0.4366,
vit,0.05,3,30,0.624419,0.78,1.857517,0.4398,
vit,0.05,3,31,0.59987,0.788444,1.871519,0.436,
vit,0.05,3,32,0.586128,0.801333,1.901226,0.4396,
vit,0.05,3,33,0.553964,0.807111,1.954605,0.445,
vit,0.05,3,34,0.535864,0.818222,1.934265,0.4392,
vit,0.05,3,35,0.495188,0.833333,1.921837,0.45,
vit,0.05,3,36,0.473509,0.840444,1.97271,0.449,
vit,0.05,3,37,0.439379,0.858222,1.972729,0.4424,
vit,0.05,3,38,0.430066,0.857333,1.981727,0.4474,
vit,0.05,3,39,0.408077,0.866667,2.014648,0.4404,
vit,0.05,3,40,0.403154,0.863111,2.019594,0.4482,
vit,0.05,3,41,0.370994,0.883111,2.03173,0.443,
vit,0.05,3,42,0.390289,0.867111,2.0374,0.4474,
vit,0.05,3,43,0.366293,0.880444,2.031126,0.4468,
vit,0.05,3,44,0.336824,0.898667,2.042685,0.4462,
vit,0.05,3,45,0.346989,0.890667,2.045782,0.4454,
vit,0.05,3,46,0.321901,0.898667,2.049116,0.4458,
vit,0.05,3,47,0.335373,0.896444,2.054166,0.4442,
vit,0.05,3,48,0.338322,0.891111,2.054999,0.4436,
vit,0.05,3,49,0.330933,0.895556,2.053702,0.4438,
vit,0.05,3,50,0.327838,0.9,2.053886,0.444,
vit,0.05,3,FINAL,,,,0.45,0.4443
vit,0.1,1,1,2.052239,0.234444,1.95325,0.27,
vit,0.1,1,2,1.885159,0.288667,1.838553,0.3122,
vit,0.1,1,3,1.785463,0.337333,1.755346,0.3454,
vit,0.1,1,4,1.729742,0.349778,1.759481,0.3398,
vit,0.1,1,5,1.677351,0.373333,1.659032,0.3892,
vit,0.1,1,6,1.588185,0.403556,1.647212,0.3792,
vit,0.1,1,7,1.532981,0.430222,1.602468,0.398,
vit,0.1,1,8,1.478054,0.457111,1.588154,0.4234,
vit,0.1,1,9,1.43344,0.473333,1.629173,0.4126,
vit,0.1,1,10,1.409207,0.485556,1.552727,0.4308,
vit,0.1,1,11,1.349751,0.509111,1.530074,0.4492,
vit,0.1,1,12,1.341244,0.507111,1.479671,0.4638,
vit,0.1,1,13,1.281992,0.531333,1.507951,0.4576,
vit,0.1,1,14,1.271645,0.543333,1.538423,0.4594,
vit,0.1,1,15,1.198359,0.568889,1.492357,0.4692,
vit,0.1,1,16,1.147037,0.587556,1.507056,0.478,
vit,0.1,1,17,1.148026,0.584667,1.471023,0.4828,
vit,0.1,1,18,1.077646,0.61,1.522053,0.4642,
vit,0.1,1,19,1.029717,0.638,1.520792,0.4832,
vit,0.1,1,20,0.994375,0.641556,1.509674,0.4806,
vit,0.1,1,21,0.964668,0.656889,1.525308,0.4816,
vit,0.1,1,22,0.927685,0.663556,1.539065,0.488,
vit,0.1,1,23,0.899526,0.677333,1.568168,0.4896,
vit,0.1,1,24,0.892069,0.677111,1.529515,0.5046,
vit,0.1,1,25,0.854723,0.685333,1.531695,0.4976,
vit,0.1,1,26,0.788765,0.720444,1.58211,0.4874,
vit,0.1,1,27,0.747431,0.727111,1.608347,0.4874,
vit,0.1,1,28,0.721762,0.745333,1.6154,0.5022,
vit,0.1,1,29,0.687439,0.751556,1.658213,0.4992,
vit,0.1,1,30,0.69736,0.744,1.631335,0.4986,
vit,0.1,1,31,0.663469,0.763333,1.66512,0.497,
vit,0.1,1,32,0.614675,0.787111,1.669993,0.4906,
vit,0.1,1,33,0.56373,0.806222,1.701171,0.4952,
vit,0.1,1,34,0.54904,0.799333,1.70494,0.5076,
vit,0.1,1,35,0.540482,0.805111,1.747606,0.4994,
vit,0.1,1,36,0.506313,0.817333,1.755154,0.5006,
vit,0.1,1,37,0.4869,0.829556,1.738095,0.5034,
vit,0.1,1,38,0.462811,0.839111,1.765438,0.5068,
vit,0.1,1,39,0.441955,0.846889,1.756864,0.5074,
vit,0.1,1,40,0.422703,0.854667,1.783593,0.5116,
vit,0.1,1,41,0.43174,0.848222,1.78071,0.5084,
vit,0.1,1,42,0.415628,0.856,1.799022,0.506,
vit,0.1,1,43,0.394692,0.863556,1.797698,0.5058,
vit,0.1,1,44,0.390908,0.866222,1.822341,0.5058,
vit,0.1,1,45,0.368603,0.873778,1.819653,0.5084,
vit,0.1,1,46,0.369536,0.875556,1.82194,0.5104,
vit,0.1,1,47,0.363086,0.877556,1.822088,0.51,
vit,0.1,1,48,0.377396,0.871333,1.821498,0.5094,
vit,0.1,1,49,0.360194,0.879556,1.821663,0.5098,
vit,0.1,1,50,0.357595,0.877556,1.821688,0.5096,
vit,0.1,1,FINAL,,,,0.5116,0.5105
vit,0.1,2,1,2.056835,0.216667,1.958425,0.2672,
vit,0.1,2,2,1.913395,0.276444,1.860507,0.3138,
vit,0.1,2,3,1.833196,0.315778,1.839311,0.311,
vit,0.1,2,4,1.753442,0.335778,1.960558,0.273,
vit,0.1,2,5,1.711809,0.361111,1.797121,0.3356,
vit,0.1,2,6,1.662147,0.374222,1.684696,0.3802,
vit,0.1,2,7,1.608996,0.407778,1.636447,0.4006,
vit,0.1,2,8,1.560553,0.426222,1.626568,0.4048,
vit,0.1,2,9,1.508196,0.447333,1.636984,0.4032,
vit,0.1,2,10,1.483894,0.458667,1.550905,0.4396,
vit,0.1,2,11,1.417195,0.485556,1.535184,0.442,
vit,0.1,2,12,1.337906,0.524222,1.528166,0.4574,
vit,0.1,2,13,1.31703,0.525778,1.483943,0.4678,
vit,0.1,2,14,1.281201,0.532,1.565929,0.4384,
vit,0.1,2,15,1.217325,0.565556,1.57178,0.446,
vit,0.1,2,16,1.182624,0.567778,1.491116,0.4758,
vit,0.1,2,17,1.131868,0.589778,1.515226,0.4702,
vit,0.1,2,18,1.115558,0.592444,1.496967,0.479,
vit,0.1,2,19,1.076902,0.607111,1.531283,0.4762,
vit,0.1,2,20,1.028471,0.632222,1.528886,0.4854,
vit,0.1,2,21,0.996385,0.635333,1.563073,0.4764,
vit,0.1,2,22,0.967202,0.648444,1.533032,0.4852,
vit,0.1,2,23,0.923778,0.668,1.519963,0.4958,
vit,0.1,2,24,0.905066,0.668,1.519386,0.4964,
vit,0.1,2,25,0.852718,0.692889,1.567612,0.4898,
vit,0.1,2,26,0.804442,0.713333,1.615383,0.4896,
vit,0.1,2,27,0.835037,0.699333,1.559284,0.5076,
vit,0.1,2,28,0.756828,0.728444,1.575616,0.4998,
vit,0.1,2,29,0.713418,0.745778,1.600872,0.5026,
vit,0.1,2,30,0.715283,0.747556,1.591729,0.4986,
vit,0.1,2,31,0.656253,0.774667,1.608234,0.5092,
vit,0.1,2,32,0.624615,0.782444,1.662487,0.502,
vit,0.1,2,33,0.617079,0.786222,1.647712,0.5076,
vit,0.1,2,34,0.571995,0.798444,1.689231,0.502,
vit,0.1,2,35,0.550486,0.807111,1.684864,0.5038,
vit,0.1,2,36,0.518191,0.817111,1.724454,0.5052,
vit,0.1,2,37,0.519373,0.811556,1.712624,0.507,
vit,0.1,2,38,0.483863,0.832222,1.731644,0.5054,
vit,0.1,2,39,0.469796,0.837556,1.745826,0.507,
vit,0.1,2,40,0.450045,0.845778,1.753112,0.5054,
vit,0.1,2,41,0.438246,0.841556,1.767179,0.5106,
vit,0.1,2,42,0.426999,0.852,1.780266,0.5042,
vit,0.1,2,43,0.41062,0.858889,1.77815,0.5114,
vit,0.1,2,44,0.41979,0.857111,1.781499,0.5088,
vit,0.1,2,45,0.395789,0.867111,1.786982,0.5114,
vit,0.1,2,46,0.387299,0.863333,1.794846,0.5074,
vit,0.1,2,47,0.387,0.868889,1.793729,0.5088,
vit,0.1,2,48,0.384683,0.866222,1.793683,0.5102,
vit,0.1,2,49,0.38022,0.871556,1.793369,0.509,
vit,0.1,2,50,0.373218,0.876222,1.793696,0.51,
vit,0.1,2,FINAL,,,,0.5114,0.5043
vit,0.1,3,1,2.062179,0.222222,1.956201,0.2696,
vit,0.1,3,2,1.917539,0.271778,1.865127,0.302,
vit,0.1,3,3,1.820936,0.312,1.810733,0.3104,
vit,0.1,3,4,1.751684,0.337778,1.762992,0.3326,
vit,0.1,3,5,1.723419,0.349778,1.779025,0.3484,
vit,0.1,3,6,1.65224,0.372222,1.721787,0.3606,
vit,0.1,3,7,1.61036,0.391333,1.66142,0.3828,
vit,0.1,3,8,1.534093,0.421778,1.697588,0.37,
vit,0.1,3,9,1.509672,0.438667,1.708587,0.387,
vit,0.1,3,10,1.442012,0.473333,1.574085,0.4192,
vit,0.1,3,11,1.407656,0.486,1.58501,0.4244,
vit,0.1,3,12,1.367228,0.501111,1.564691,0.4292,
vit,0.1,3,13,1.318198,0.517556,1.520933,0.4574,
vit,0.1,3,14,1.278566,0.530889,1.534092,0.4494,
vit,0.1,3,15,1.217031,0.561333,1.523438,0.4516,
vit,0.1,3,16,1.177659,0.567778,1.516918,0.468,
vit,0.1,3,17,1.149277,0.581556,1.516199,0.476,
vit,0.1,3,18,1.110392,0.596222,1.530107,0.4756,
vit,0.1,3,19,1.066767,0.618444,1.524661,0.484,
vit,0.1,3,20,1.059421,0.617778,1.571771,0.4694,
vit,0.1,3,21,1.050986,0.62,1.533358,0.4796,
vit,0.1,3,22,0.970842,0.644889,1.522446,0.4898,
vit,0.1,3,23,0.928386,0.664222,1.534055,0.4926,
vit,0.1,3,24,0.91698,0.675556,1.554068,0.491,
vit,0.1,3,25,0.864148,0.684,1.560227,0.4968,
vit,0.1,3,26,0.839184,0.699333,1.564289,0.4942,
vit,0.1,3,27,0.824235,0.701111,1.588949,0.4882,
vit,0.1,3,28,0.778381,0.723111,1.610044,0.4932,
vit,0.1,3,29,0.759916,0.731556,1.580698,0.5,
vit,0.1,3,30,0.682728,0.754444,1.663929,0.4904,
vit,0.1,3,31,0.675136,0.755778,1.641496,0.4958,
vit,0.1,3,32,0.636546,0.772667,1.690699,0.4982,
vit,0.1,3,33,0.626358,0.776667,1.67281,0.4952,
vit,0.1,3,34,0.594009,0.785333,1.669934,0.5006,
vit,0.1,3,35,0.565278,0.800222,1.72904,0.4914,
vit,0.1,3,36,0.528325,0.813778,1.727479,0.4994,
vit,0.1,3,37,0.507187,0.818444,1.726445,0.4986,
vit,0.1,3,38,0.490604,0.826222,1.749806,0.4982,
vit,0.1,3,39,0.466122,0.832222,1.760773,0.4992,
vit,0.1,3,40,0.445451,0.843556,1.797957,0.4918,
vit,0.1,3,41,0.449289,0.843111,1.801611,0.4954,
vit,0.1,3,42,0.433518,0.852889,1.799347,0.4944,
vit,0.1,3,43,0.41695,0.855778,1.820768,0.4948,
vit,0.1,3,44,0.419329,0.859111,1.815217,0.4954,
vit,0.1,3,45,0.40466,0.856889,1.819802,0.497,
vit,0.1,3,46,0.416065,0.858222,1.818226,0.4956,
vit,0.1,3,47,0.399724,0.866,1.819105,0.496,
vit,0.1,3,48,0.398965,0.866444,1.819382,0.495,
vit,0.1,3,49,0.393385,0.870222,1.819974,0.4942,
vit,0.1,3,50,0.402615,0.861778,1.82013,0.4942,
vit,0.1,3,FINAL,,,,0.5006,0.4955
vit,0.25,1,1,1.953385,0.267022,1.856836,0.3034,
vit,0.25,1,2,1.759241,0.339822,1.735638,0.3646,
vit,0.25,1,3,1.639173,0.391911,1.584426,0.4074,
vit,0.25,1,4,1.545201,0.430489,1.556336,0.4298,
vit,0.25,1,5,1.450545,0.467467,1.464223,0.4642,
vit,0.25,1,6,1.374278,0.497689,1.396142,0.4926,
vit,0.25,1,7,1.305968,0.5232,1.420461,0.4876,
vit,0.25,1,8,1.261453,0.540889,1.350139,0.5186,
vit,0.25,1,9,1.232225,0.547378,1.299706,0.5332,
vit,0.25,1,10,1.171168,0.574222,1.310913,0.5272,
vit,0.25,1,11,1.13062,0.589333,1.316759,0.5396,
vit,0.25,1,12,1.100376,0.599022,1.276788,0.545,
vit,0.25,1,13,1.085614,0.601067,1.285056,0.545,
vit,0.25,1,14,1.030863,0.620711,1.248022,0.5642,
vit,0.25,1,15,1.000007,0.636444,1.269811,0.5516,
vit,0.25,1,16,0.959919,0.6488,1.271646,0.5562,
vit,0.25,1,17,0.928756,0.660533,1.262301,0.5602,
vit,0.25,1,18,0.909948,0.668978,1.254724,0.566,
vit,0.25,1,19,0.85979,0.686489,1.301249,0.5584,
vit,0.25,1,20,0.85355,0.686311,1.281391,0.5604,
vit,0.25,1,21,0.818038,0.6984,1.263192,0.5736,
vit,0.25,1,22,0.790389,0.712356,1.262476,0.5896,
vit,0.25,1,23,0.754817,0.727378,1.311604,0.5672,
vit,0.25,1,24,0.732949,0.733778,1.309646,0.5754,
vit,0.25,1,25,0.677876,0.750489,1.298113,0.5822,
vit,0.25,1,26,0.650168,0.765067,1.313943,0.575,
vit,0.25,1,27,0.648978,0.763022,1.34158,0.5842,
vit,0.25,1,28,0.60484,0.7792,1.353523,0.58,
vit,0.25,1,29,0.568476,0.795733,1.361982,0.587,
vit,0.25,1,30,0.549621,0.796889,1.403106,0.579,
vit,0.25,1,31,0.528881,0.809511,1.40212,0.59,
vit,0.25,1,32,0.502255,0.820089,1.412585,0.589,
vit,0.25,1,33,0.477967,0.825244,1.445745,0.5824,
vit,0.25,1,34,0.450968,0.835289,1.45886,0.5798,
vit,0.25,1,35,0.428079,0.846667,1.476204,0.583,
vit,0.25,1,36,0.418052,0.849156,1.484147,0.5878,
vit,0.25,1,37,0.388665,0.8608,1.493852,0.5892,
vit,0.25,1,38,0.376537,0.865511,1.510513,0.5932,
vit,0.25,1,39,0.35332,0.872356,1.52956,0.5892,
vit,0.25,1,40,0.340919,0.879822,1.548475,0.589,
vit,0.25,1,41,0.330913,0.880533,1.551014,0.592,
vit,0.25,1,42,0.326886,0.884711,1.567117,0.593,
vit,0.25,1,43,0.313597,0.885778,1.57577,0.5924,
vit,0.25,1,44,0.30027,0.893511,1.586904,0.5926,
vit,0.25,1,45,0.295521,0.893333,1.589199,0.5948,
vit,0.25,1,46,0.286188,0.900178,1.586785,0.5952,
vit,0.25,1,47,0.289403,0.9,1.589385,0.592,
vit,0.25,1,48,0.279756,0.901067,1.590069,0.5938,
vit,0.25,1,49,0.286633,0.9,1.590106,0.5938,
vit,0.25,1,50,0.279201,0.900533,1.5903,0.594,
vit,0.25,1,FINAL,,,,0.5952,0.585
vit,0.25,2,1,1.941673,0.2704,1.801067,0.3262,
vit,0.25,2,2,1.734433,0.351644,1.723481,0.359,
vit,0.25,2,3,1.620926,0.395111,1.616563,0.4062,
vit,0.25,2,4,1.533147,0.438844,1.520815,0.4512,
vit,0.25,2,5,1.43779,0.479556,1.427039,0.4776,
vit,0.25,2,6,1.372298,0.500889,1.425363,0.4826,
vit,0.25,2,7,1.287504,0.532089,1.373215,0.4994,
vit,0.25,2,8,1.247455,0.552267,1.361919,0.514,
vit,0.25,2,9,1.198714,0.567822,1.281576,0.5406,
vit,0.25,2,10,1.162277,0.574044,1.322237,0.5154,
vit,0.25,2,11,1.112915,0.5984,1.298227,0.5278,
vit,0.25,2,12,1.090138,0.604444,1.271555,0.549,
vit,0.25,2,13,1.050998,0.618756,1.232577,0.5612,
vit,0.25,2,14,1.024188,0.628889,1.276231,0.5486,
vit,0.25,2,15,1.003407,0.639111,1.228436,0.5642,
vit,0.25,2,16,0.971704,0.645689,1.242834,0.5606,
vit,0.25,2,17,0.934113,0.661156,1.230294,0.5754,
vit,0.25,2,18,0.914555,0.671289,1.227695,0.572,
vit,0.25,2,19,0.867377,0.683111,1.22295,0.5674,
vit,0.25,2,20,0.841385,0.694844,1.261101,0.576,
vit,0.25,2,21,0.831855,0.698489,1.295143,0.5612,
vit,0.25,2,22,0.792852,0.708267,1.276416,0.5696,
vit,0.25,2,23,0.770626,0.720533,1.260576,0.5762,
vit,0.25,2,24,0.728862,0.740533,1.267369,0.5778,
vit,0.25,2,25,0.719517,0.736978,1.287342,0.5768,
vit,0.25,2,26,0.676595,0.754756,1.301013,0.582,
vit,0.25,2,27,0.664265,0.755822,1.304813,0.586,
vit,0.25,2,28,0.625906,0.776267,1.295213,0.5912,
vit,0.25,2,29,0.603269,0.781867,1.331577,0.584,
vit,0.25,2,30,0.591559,0.7848,1.373508,0.5836,
vit,0.25,2,31,0.552757,0.801244,1.352458,0.585,
vit,0.25,2,32,0.522353,0.810933,1.39675,0.5856,
vit,0.25,2,33,0.505147,0.816978,1.418181,0.5816,
vit,0.25,2,34,0.487816,0.823022,1.379207,0.5868,
vit,0.25,2,35,0.459123,0.836533,1.415069,0.5896,
vit,0.25,2,36,0.449612,0.836178,1.42464,0.5902,
vit,0.25,2,37,0.422077,0.845156,1.453669,0.5882,
vit,0.25,2,38,0.405323,0.853511,1.45167,0.5912,
vit,0.25,2,39,0.396627,0.856978,1.473828,0.5916,
vit,0.25,2,40,0.381592,0.861156,1.492993,0.5934,
vit,0.25,2,41,0.358718,0.8664,1.508572,0.5974,
vit,0.25,2,42,0.355345,0.869956,1.503435,0.5994,
vit,0.25,2,43,0.348012,0.8736,1.515473,0.598,
vit,0.25,2,44,0.33693,0.878044,1.525074,0.5978,
vit,0.25,2,45,0.330216,0.881422,1.532658,0.597,
vit,0.25,2,46,0.324038,0.886756,1.523777,0.599,
vit,0.25,2,47,0.328946,0.883733,1.530325,0.5986,
vit,0.25,2,48,0.316016,0.886133,1.528192,0.5992,
vit,0.25,2,49,0.318355,0.886222,1.53092,0.5978,
vit,0.25,2,50,0.317879,0.884889,1.531036,0.5984,
vit,0.25,2,FINAL,,,,0.5994,0.5824
vit,0.25,3,1,1.967789,0.262311,1.873567,0.291,
vit,0.25,3,2,1.753761,0.334844,1.70381,0.353,
vit,0.25,3,3,1.639932,0.3856,1.630258,0.3866,
vit,0.25,3,4,1.547399,0.426578,1.571706,0.4254,
vit,0.25,3,5,1.444711,0.473422,1.422825,0.4824,
vit,0.25,3,6,1.372412,0.496978,1.432072,0.469,
vit,0.25,3,7,1.324776,0.517956,1.386179,0.5002,
vit,0.25,3,8,1.268372,0.540622,1.366036,0.496,
vit,0.25,3,9,1.22359,0.560533,1.321265,0.5256,
vit,0.25,3,10,1.193452,0.559556,1.385212,0.4934,
vit,0.25,3,11,1.153373,0.579733,1.300985,0.527,
vit,0.25,3,12,1.129389,0.590933,1.309585,0.5278,
vit,0.25,3,13,1.088639,0.608178,1.259565,0.5376,
vit,0.25,3,14,1.046131,0.622933,1.241527,0.5536,
vit,0.25,3,15,1.007211,0.639644,1.266616,0.545,
vit,0.25,3,16,0.990183,0.645778,1.261615,0.5466,
vit,0.25,3,17,0.958198,0.659733,1.24905,0.5636,
vit,0.25,3,18,0.926409,0.663378,1.297341,0.5488,
vit,0.25,3,19,0.903902,0.672711,1.2584,0.5726,
vit,0.25,3,20,0.872632,0.684,1.267018,0.5618,
vit,0.25,3,21,0.843925,0.697067,1.270435,0.5628,
vit,0.25,3,22,0.799191,0.710578,1.280218,0.5706,
vit,0.25,3,23,0.779785,0.719467,1.2757,0.5728,
vit,0.25,3,24,0.753678,0.726844,1.269335,0.579,
vit,0.25,3,25,0.720616,0.743733,1.320543,0.5764,
vit,0.25,3,26,0.692207,0.752978,1.320723,0.5772,
vit,0.25,3,27,0.666274,0.760533,1.320072,0.5762,
vit,0.25,3,28,0.640497,0.769511,1.344544,0.5778,
vit,0.25,3,29,0.611761,0.784089,1.362534,0.5804,
vit,0.25,3,30,0.589367,0.7856,1.353521,0.5878,
vit,0.25,3,31,0.555491,0.799289,1.400715,0.585,
vit,0.25,3,32,0.535043,0.805422,1.422885,0.5822,
vit,0.25,3,33,0.507198,0.816356,1.412899,0.5854,
vit,0.25,3,34,0.491971,0.821778,1.430924,0.5814,
vit,0.25,3,35,0.470177,0.830756,1.469634,0.5772,
vit,0.25,3,36,0.440567,0.844444,1.466533,0.5942,
vit,0.25,3,37,0.418324,0.848444,1.470122,0.5842,
vit,0.25,3,38,0.413675,0.855733,1.489964,0.58,
vit,0.25,3,39,0.393529,0.859911,1.497293,0.5924,
vit,0.25,3,40,0.371922,0.865778,1.518082,0.5904,
vit,0.25,3,41,0.366349,0.8704,1.521304,0.5892,
vit,0.25,3,42,0.353362,0.875289,1.542493,0.5912,
vit,0.25,3,43,0.344905,0.876089,1.548717,0.5928,
vit,0.25,3,44,0.332275,0.8832,1.562278,0.5878,
vit,0.25,3,45,0.330785,0.8832,1.56053,0.5934,
vit,0.25,3,46,0.321248,0.8856,1.566306,0.5964,
vit,0.25,3,47,0.325458,0.887733,1.563963,0.5938,
vit,0.25,3,48,0.313083,0.889689,1.564642,0.5952,
vit,0.25,3,49,0.311225,0.891022,1.564626,0.594,
vit,0.25,3,50,0.308892,0.891644,1.565232,0.5926,
vit,0.25,3,FINAL,,,,0.5964,0.5877
vit,0.5,1,1,1.852436,0.308711,1.691417,0.3858,
vit,0.5,1,2,1.615876,0.403156,1.508721,0.4466,
vit,0.5,1,3,1.454037,0.470178,1.408484,0.4904,
vit,0.5,1,4,1.357035,0.504133,1.334349,0.5258,
vit,0.5,1,5,1.283043,0.5348,1.280867,0.5316,
vit,0.5,1,6,1.22082,0.554089,1.221734,0.5596,
vit,0.5,1,7,1.176004,0.5724,1.260644,0.541,
vit,0.5,1,8,1.125772,0.592089,1.23254,0.5636,
vit,0.5,1,9,1.082643,0.609289,1.209863,0.5642,
vit,0.5,1,10,1.038551,0.622978,1.163922,0.5878,
vit,0.5,1,11,1.005784,0.635111,1.120433,0.595,
vit,0.5,1,12,0.971437,0.648756,1.093436,0.6122,
vit,0.5,1,13,0.943062,0.658356,1.136148,0.5938,
vit,0.5,1,14,0.911743,0.671644,1.10689,0.6028,
vit,0.5,1,15,0.890077,0.679378,1.10537,0.6152,
vit,0.5,1,16,0.857224,0.689333,1.094983,0.6134,
vit,0.5,1,17,0.829554,0.7012,1.089061,0.625,
vit,0.5,1,18,0.802767,0.7128,1.091662,0.628,
vit,0.5,1,19,0.781231,0.719244,1.097925,0.6208,
vit,0.5,1,20,0.752256,0.728933,1.125234,0.6212,
vit,0.5,1,21,0.729396,0.738267,1.095144,0.6324,
vit,0.5,1,22,0.69451,0.747467,1.085568,0.6408,
vit,0.5,1,23,0.675988,0.755156,1.102546,0.6356,
vit,0.5,1,24,0.651655,0.763778,1.092039,0.643,
vit,0.5,1,25,0.615919,0.776933,1.125221,0.6342,
vit,0.5,1,26,0.60489,0.783111,1.130445,0.637,
vit,0.5,1,27,0.573089,0.789733,1.13247,0.6396,
vit,0.5,1,28,0.556275,0.797111,1.123146,0.6444,
vit,0.5,1,29,0.52583,0.810622,1.140137,0.6468,
vit,0.5,1,30,0.511966,0.816044,1.131756,0.6498,
vit,0.5,1,31,0.486136,0.820356,1.163992,0.6458,
vit,0.5,1,32,0.469224,0.829422,1.168641,0.6422,
vit,0.5,1,33,0.447869,0.836933,1.187623,0.6498,
vit,0.5,1,34,0.428981,0.846756,1.177127,0.6484,
vit,0.5,1,35,0.413374,0.850667,1.213126,0.6466,
vit,0.5,1,36,0.388608,0.86,1.221759,0.6522,
vit,0.5,1,37,0.374184,0.864978,1.262127,0.646,
vit,0.5,1,38,0.365138,0.866356,1.246811,0.6492,
vit,0.5,1,39,0.345194,0.874622,1.267074,0.649,
vit,0.5,1,40,0.341814,0.875422,1.28352,0.6524,
vit,0.5,1,41,0.323592,0.881511,1.299846,0.6498,
vit,0.5,1,42,0.320635,0.884844,1.309802,0.6524,
vit,0.5,1,43,0.301522,0.891156,1.312479,0.6496,
vit,0.5,1,44,0.307419,0.889867,1.312056,0.6546,
vit,0.5,1,45,0.299081,0.895244,1.312371,0.653,
vit,0.5,1,46,0.295168,0.893733,1.31255,0.652,
vit,0.5,1,47,0.284854,0.898578,1.317231,0.6544,
vit,0.5,1,48,0.287674,0.896311,1.317853,0.6542,
vit,0.5,1,49,0.281754,0.899156,1.320172,0.6528,
vit,0.5,1,50,0.284561,0.896844,1.320032,0.6544,
vit,0.5,1,FINAL,,,,0.6546,0.6503
vit,0.5,2,1,1.844851,0.307156,1.657323,0.376,
vit,0.5,2,2,1.586052,0.417244,1.489743,0.437,
vit,0.5,2,3,1.425544,0.482933,1.365665,0.5012,
vit,0.5,2,4,1.334392,0.516222,1.293239,0.5304,
vit,0.5,2,5,1.253871,0.545111,1.294817,0.5292,
vit,0.5,2,6,1.202128,0.5712,1.212709,0.5628,
vit,0.5,2,7,1.149802,0.584044,1.170681,0.5702,
vit,0.5,2,8,1.11567,0.598,1.155912,0.5846,
vit,0.5,2,9,1.075504,0.611733,1.151808,0.584,
vit,0.5,2,10,1.045442,0.6232,1.118858,0.603,
vit,0.5,2,11,1.005401,0.638889,1.125324,0.5966,
vit,0.5,2,12,0.978478,0.646444,1.103167,0.6132,
vit,0.5,2,13,0.957714,0.654178,1.180149,0.5778,
vit,0.5,2,14,0.921092,0.670844,1.122366,0.6072,
vit,0.5,2,15,0.903233,0.672667,1.04986,0.6206,
vit,0.5,2,16,0.872447,0.686444,1.085562,0.6166,
vit,0.5,2,17,0.848957,0.694311,1.0654,0.6242,
vit,0.5,2,18,0.809185,0.710222,1.098456,0.6168,
vit,0.5,2,19,0.79269,0.715333,1.099867,0.6182,
vit,0.5,2,20,0.762632,0.722889,1.048539,0.6332,
vit,0.5,2,21,0.737804,0.735956,1.084376,0.6324,
vit,0.5,2,22,0.719107,0.741067,1.129613,0.6178,
vit,0.5,2,23,0.690465,0.752933,1.103606,0.6386,
vit,0.5,2,24,0.665299,0.763867,1.095137,0.639,
vit,0.5,2,25,0.638654,0.772889,1.112294,0.6428,
vit,0.5,2,26,0.608348,0.780578,1.138915,0.632,
vit,0.5,2,27,0.593595,0.785556,1.079984,0.6548,
vit,0.5,2,28,0.56217,0.7972,1.14176,0.6352,
vit,0.5,2,29,0.537177,0.806222,1.148132,0.637,
vit,0.5,2,30,0.513119,0.816178,1.151048,0.6478,
vit,0.5,2,31,0.499629,0.8212,1.157473,0.6466,
vit,0.5,2,32,0.480534,0.826978,1.167709,0.6458,
vit,0.5,2,33,0.457,0.833822,1.191901,0.642,
vit,0.5,2,34,0.428522,0.847422,1.210969,0.645,
vit,0.5,2,35,0.426572,0.845467,1.208009,0.6506,
vit,0.5,2,36,0.401865,0.856133,1.212146,0.6476,
vit,0.5,2,37,0.390291,0.859378,1.244499,0.6448,
vit,0.5,2,38,0.365672,0.868622,1.266622,0.6452,
vit,0.5,2,39,0.352824,0.874622,1.280801,0.6536,
vit,0.5,2,40,0.344108,0.8768,1.283266,0.6468,
vit,0.5,2,41,0.332162,0.880889,1.281539,0.6472,
vit,0.5,2,42,0.324459,0.883156,1.291226,0.6488,
vit,0.5,2,43,0.309121,0.887956,1.308721,0.6552,
vit,0.5,2,44,0.301485,0.892356,1.306416,0.653,
vit,0.5,2,45,0.294223,0.896133,1.315272,0.6484,
vit,0.5,2,46,0.292899,0.897156,1.319682,0.6498,
vit,0.5,2,47,0.291553,0.897333,1.31317,0.6486,
vit,0.5,2,48,0.281948,0.900089,1.32061,0.6506,
vit,0.5,2,49,0.282532,0.9,1.320644,0.6504,
vit,0.5,2,50,0.280903,0.9012,1.320702,0.6492,
vit,0.5,2,FINAL,,,,0.6552,0.6563
vit,0.5,3,1,1.846149,0.310578,1.679903,0.369,
vit,0.5,3,2,1.591589,0.411111,1.475823,0.4628,
vit,0.5,3,3,1.44272,0.473333,1.422246,0.4798,
vit,0.5,3,4,1.336315,0.513778,1.317156,0.5166,
vit,0.5,3,5,1.274562,0.536578,1.286143,0.5332,
vit,0.5,3,6,1.214126,0.560356,1.259181,0.541,
vit,0.5,3,7,1.161121,0.577156,1.22082,0.5578,
vit,0.5,3,8,1.122085,0.589867,1.177791,0.5674,
vit,0.5,3,9,1.089035,0.607911,1.174358,0.5764,
vit,0.5,3,10,1.058288,0.614889,1.164746,0.5826,
vit,0.5,3,11,1.028628,0.628889,1.149581,0.5848,
vit,0.5,3,12,1.000084,0.638089,1.117585,0.5994,
vit,0.5,3,13,0.965917,0.651156,1.114451,0.6016,
vit,0.5,3,14,0.941275,0.657867,1.101297,0.6114,
vit,0.5,3,15,0.905737,0.675822,1.123722,0.6048,
vit,0.5,3,16,0.883238,0.681378,1.086041,0.6194,
vit,0.5,3,17,0.862546,0.689156,1.084687,0.6234,
vit,0.5,3,18,0.828358,0.699556,1.112803,0.627,
vit,0.5,3,19,0.80917,0.706533,1.097417,0.6198,
vit,0.5,3,20,0.766028,0.724578,1.09808,0.622,
vit,0.5,3,21,0.753448,0.729022,1.08286,0.6274,
vit,0.5,3,22,0.725063,0.740978,1.093253,0.6364,
vit,0.5,3,23,0.707016,0.745733,1.103572,0.6342,
vit,0.5,3,24,0.679037,0.753156,1.087347,0.637,
vit,0.5,3,25,0.648644,0.763644,1.115958,0.63,
vit,0.5,3,26,0.625167,0.775511,1.102382,0.6384,
vit,0.5,3,27,0.600238,0.781867,1.127257,0.639,
vit,0.5,3,28,0.578532,0.794133,1.157494,0.6402,
vit,0.5,3,29,0.550602,0.800489,1.155051,0.6346,
vit,0.5,3,30,0.527761,0.806533,1.153625,0.6398,
vit,0.5,3,31,0.509119,0.815644,1.152842,0.6388,
vit,0.5,3,32,0.491189,0.820578,1.168839,0.6442,
vit,0.5,3,33,0.465311,0.8312,1.216702,0.6414,
vit,0.5,3,34,0.450185,0.834889,1.192776,0.646,
vit,0.5,3,35,0.428785,0.844711,1.216276,0.6494,
vit,0.5,3,36,0.408321,0.851956,1.247643,0.6468,
vit,0.5,3,37,0.39503,0.860267,1.245377,0.648,
vit,0.5,3,38,0.373476,0.864978,1.264897,0.6464,
vit,0.5,3,39,0.366924,0.868267,1.267941,0.643,
vit,0.5,3,40,0.350486,0.874622,1.28087,0.6414,
vit,0.5,3,41,0.339878,0.877067,1.300431,0.6434,
vit,0.5,3,42,0.329575,0.882,1.315024,0.6438,
vit,0.5,3,43,0.317962,0.888489,1.322481,0.6422,
vit,0.5,3,44,0.314537,0.888933,1.319512,0.641,
vit,0.5,3,45,0.308269,0.887467,1.319529,0.6428,
vit,0.5,3,46,0.300651,0.890489,1.340061,0.642,
vit,0.5,3,47,0.296036,0.893067,1.341226,0.6404,
vit,0.5,3,48,0.29587,0.8936,1.336548,0.6406,
vit,0.5,3,49,0.30017,0.892222,1.336938,0.6428,
vit,0.5,3,50,0.291612,0.895822,1.337399,0.6436,
vit,0.5,3,FINAL,,,,0.6494,0.6482
vit,1.0,1,1,1.734153,0.356822,1.528644,0.448,
vit,1.0,1,2,1.404377,0.490733,1.301958,0.5308,
vit,1.0,1,3,1.261631,0.543289,1.240416,0.5528,
vit,1.0,1,4,1.186388,0.572533,1.159741,0.5838,
vit,1.0,1,5,1.117151,0.593956,1.107606,0.621,
vit,1.0,1,6,1.064656,0.617578,1.091483,0.6114,
vit,1.0,1,7,1.023183,0.633022,1.067381,0.6272,
vit,1.0,1,8,0.987215,0.644333,1.019477,0.6426,
vit,1.0,1,9,0.952274,0.659467,0.987188,0.6546,
vit,1.0,1,10,0.921404,0.669733,0.983403,0.655,
vit,1.0,1,11,0.886745,0.680244,0.976988,0.6686,
vit,1.0,1,12,0.858561,0.691178,0.960284,0.66,
vit,1.0,1,13,0.830337,0.7006,0.929332,0.6762,
vit,1.0,1,14,0.804388,0.712889,0.931566,0.6732,
vit,1.0,1,15,0.779757,0.719933,0.929217,0.6784,
vit,1.0,1,16,0.752071,0.728511,0.927694,0.6824,
vit,1.0,1,17,0.732432,0.738178,0.902182,0.6942,
vit,1.0,1,18,0.704575,0.747111,0.879816,0.699,
vit,1.0,1,19,0.68474,0.7528,0.888986,0.695,
vit,1.0,1,20,0.665029,0.760489,0.87432,0.7044,
vit,1.0,1,21,0.640873,0.768444,0.881558,0.7074,
vit,1.0,1,22,0.621117,0.776489,0.873305,0.7096,
vit,1.0,1,23,0.600306,0.783778,0.881403,0.707,
vit,1.0,1,24,0.585197,0.786933,0.862415,0.7004,
vit,1.0,1,25,0.562105,0.796511,0.866011,0.7062,
vit,1.0,1,26,0.54212,0.804844,0.906908,0.7014,
vit,1.0,1,27,0.526193,0.808733,0.869708,0.7136,
vit,1.0,1,28,0.509513,0.8142,0.906477,0.7128,
vit,1.0,1,29,0.48791,0.821756,0.898248,0.7158,
vit,1.0,1,30,0.467585,0.831089,0.91642,0.7102,
vit,1.0,1,31,0.457602,0.834756,0.908025,0.7188,
vit,1.0,1,32,0.437194,0.842178,0.911259,0.7152,
vit,1.0,1,33,0.424208,0.846,0.907933,0.7202,
vit,1.0,1,34,0.409724,0.851667,0.931082,0.7182,
vit,1.0,1,35,0.396074,0.854756,0.925474,0.7216,
vit,1.0,1,36,0.377617,0.862333,0.934137,0.7206,
vit,1.0,1,37,0.370626,0.863533,0.938696,0.7222,
vit,1.0,1,38,0.361048,0.868378,0.9432,0.7188,
vit,1.0,1,39,0.346306,0.873689,0.94745,0.722,
vit,1.0,1,40,0.336488,0.877867,0.969768,0.7192,
vit,1.0,1,41,0.330808,0.880156,0.974735,0.7192,
vit,1.0,1,42,0.318252,0.882378,0.978578,0.7156,
vit,1.0,1,43,0.311322,0.886022,0.983871,0.7222,
vit,1.0,1,44,0.303968,0.889111,0.974641,0.725,
vit,1.0,1,45,0.299279,0.890044,0.985193,0.7234,
vit,1.0,1,46,0.295563,0.891978,0.982824,0.7238,
vit,1.0,1,47,0.295941,0.893822,0.987232,0.7244,
vit,1.0,1,48,0.288887,0.895489,0.989542,0.722,
vit,1.0,1,49,0.288514,0.896,0.989001,0.7228,
vit,1.0,1,50,0.290134,0.894867,0.988835,0.722,
vit,1.0,1,FINAL,,,,0.725,0.7257
vit,1.0,2,1,1.734084,0.361267,1.503102,0.445,
vit,1.0,2,2,1.388324,0.495022,1.349887,0.5116,
vit,1.0,2,3,1.253855,0.544378,1.238795,0.5514,
vit,1.0,2,4,1.185444,0.573222,1.152271,0.5832,
vit,1.0,2,5,1.123045,0.594711,1.125542,0.5992,
vit,1.0,2,6,1.072483,0.614067,1.109177,0.6034,
vit,1.0,2,7,1.029003,0.628178,1.050884,0.6236,
vit,1.0,2,8,0.986718,0.644111,1.047311,0.6264,
vit,1.0,2,9,0.958752,0.656067,0.983742,0.6392,
vit,1.0,2,10,0.91487,0.6708,0.954896,0.6642,
vit,1.0,2,11,0.888298,0.681756,0.96863,0.655,
vit,1.0,2,12,0.856312,0.692378,0.949463,0.6656,
vit,1.0,2,13,0.832963,0.701467,0.910804,0.6752,
vit,1.0,2,14,0.803838,0.711222,0.922145,0.6786,
vit,1.0,2,15,0.778428,0.720756,0.877986,0.6898,
vit,1.0,2,16,0.755803,0.728133,0.888589,0.6896,
vit,1.0,2,17,0.736431,0.735844,0.848845,0.6978,
vit,1.0,2,18,0.707651,0.746867,0.88443,0.685,
vit,1.0,2,19,0.684579,0.753467,0.83295,0.707,
vit,1.0,2,20,0.666747,0.759933,0.862419,0.7004,
vit,1.0,2,21,0.643326,0.7692,0.835806,0.7086,
vit,1.0,2,22,0.622751,0.7752,0.853597,0.71,
vit,1.0,2,23,0.60356,0.783489,0.865209,0.7044,
vit,1.0,2,24,0.580673,0.789956,0.847029,0.7144,
vit,1.0,2,25,0.56683,0.796044,0.841044,0.7146,
vit,1.0,2,26,0.54944,0.802044,0.839474,0.7202,
vit,1.0,2,27,0.524214,0.811311,0.860304,0.72,
vit,1.0,2,28,0.510761,0.816022,0.849065,0.713,
vit,1.0,2,29,0.487916,0.825422,0.863364,0.7218,
vit,1.0,2,30,0.471482,0.829067,0.893073,0.717,
vit,1.0,2,31,0.457541,0.834111,0.874078,0.7202,
vit,1.0,2,32,0.439469,0.8412,0.876136,0.7214,
vit,1.0,2,33,0.423105,0.847644,0.878205,0.7224,
vit,1.0,2,34,0.41205,0.849756,0.89731,0.7226,
vit,1.0,2,35,0.396786,0.855756,0.902345,0.7218,
vit,1.0,2,36,0.383542,0.860511,0.911978,0.7238,
vit,1.0,2,37,0.371111,0.865067,0.926447,0.7236,
vit,1.0,2,38,0.357529,0.870067,0.923898,0.725,
vit,1.0,2,39,0.34693,0.874333,0.934941,0.729,
vit,1.0,2,40,0.335943,0.876689,0.935012,0.7302,
vit,1.0,2,41,0.327231,0.881911,0.938623,0.7282,
vit,1.0,2,42,0.321276,0.884378,0.944828,0.7318,
vit,1.0,2,43,0.309482,0.887933,0.960781,0.7284,
vit,1.0,2,44,0.307739,0.889756,0.95678,0.7266,
vit,1.0,2,45,0.301039,0.888956,0.96014,0.7312,
vit,1.0,2,46,0.293865,0.895022,0.963443,0.7294,
vit,1.0,2,47,0.295494,0.892911,0.959315,0.732,
vit,1.0,2,48,0.288552,0.894978,0.961895,0.7312,
vit,1.0,2,49,0.288462,0.895867,0.962717,0.7306,
vit,1.0,2,50,0.290299,0.896444,0.962555,0.7308,
vit,1.0,2,FINAL,,,,0.732,0.729
vit,1.0,3,1,1.746585,0.348533,1.596498,0.4228,
vit,1.0,3,2,1.419802,0.486333,1.327307,0.5224,
vit,1.0,3,3,1.273389,0.538889,1.254276,0.5504,
vit,1.0,3,4,1.191579,0.567933,1.150677,0.5912,
vit,1.0,3,5,1.126057,0.591956,1.111574,0.607,
vit,1.0,3,6,1.080938,0.607467,1.097278,0.6132,
vit,1.0,3,7,1.037218,0.625356,1.09308,0.614,
vit,1.0,3,8,0.994785,0.640933,1.039904,0.6326,
vit,1.0,3,9,0.95533,0.658711,1.023312,0.6414,
vit,1.0,3,10,0.926182,0.667356,0.967985,0.6526,
vit,1.0,3,11,0.899275,0.678,0.983565,0.6506,
vit,1.0,3,12,0.867337,0.688867,0.937795,0.668,
vit,1.0,3,13,0.837427,0.6998,0.923179,0.6732,
vit,1.0,3,14,0.810925,0.708178,0.878673,0.6896,
vit,1.0,3,15,0.790373,0.715933,0.884631,0.69,
vit,1.0,3,16,0.756586,0.727378,0.87914,0.6882,
vit,1.0,3,17,0.737199,0.737178,0.906653,0.682,
vit,1.0,3,18,0.715737,0.743022,0.888262,0.6928,
vit,1.0,3,19,0.694156,0.751444,0.863871,0.7062,
vit,1.0,3,20,0.678163,0.756778,0.869017,0.7084,
vit,1.0,3,21,0.652876,0.765822,0.869452,0.7042,
vit,1.0,3,22,0.630675,0.773711,0.8699,0.708,
vit,1.0,3,23,0.609477,0.782422,0.855678,0.7066,
vit,1.0,3,24,0.589258,0.788889,0.869448,0.7112,
vit,1.0,3,25,0.573925,0.793289,0.893094,0.7068,
vit,1.0,3,26,0.553533,0.801956,0.884799,0.7106,
vit,1.0,3,27,0.533387,0.806822,0.882623,0.7168,
vit,1.0,3,28,0.513188,0.815689,0.877227,0.7188,
vit,1.0,3,29,0.500475,0.819578,0.87643,0.7144,
vit,1.0,3,30,0.481475,0.827244,0.900447,0.7196,
vit,1.0,3,31,0.460928,0.832733,0.902348,0.719,
vit,1.0,3,32,0.445511,0.838333,0.913574,0.7186,
vit,1.0,3,33,0.43324,0.843644,0.931374,0.717,
vit,1.0,3,34,0.414697,0.850867,0.926163,0.7142,
vit,1.0,3,35,0.399918,0.854333,0.929047,0.7178,
vit,1.0,3,36,0.39229,0.859733,0.928395,0.7186,
vit,1.0,3,37,0.372905,0.864933,0.946267,0.721,
vit,1.0,3,38,0.363782,0.868,0.948788,0.7144,
vit,1.0,3,39,0.349728,0.876911,0.958621,0.7222,
vit,1.0,3,40,0.342282,0.878511,0.966879,0.7204,
vit,1.0,3,41,0.329285,0.8808,0.979322,0.718,
vit,1.0,3,42,0.32108,0.883644,0.97925,0.7226,
vit,1.0,3,43,0.313503,0.885244,0.991853,0.7198,
vit,1.0,3,44,0.311972,0.887733,0.983639,0.7206,
vit,1.0,3,45,0.301697,0.891644,0.989011,0.7228,
vit,1.0,3,46,0.298791,0.891733,0.995273,0.7198,
vit,1.0,3,47,0.297259,0.893733,0.993628,0.7216,
vit,1.0,3,48,0.296705,0.895111,0.993285,0.723,
vit,1.0,3,49,0.290907,0.895667,0.994622,0.7228,
vit,1.0,3,50,0.289937,0.895667,0.99446,0.7216,
vit,1.0,3,FINAL,,,,0.723,0.7234
